trade_timestamp_ms,trade_id,price,size,side,is_buyer_maker,event_flags
1775950497934,6208221614,73114.44000000,0.00108000,SELL,true,
1775950500019,6208221615,73114.45000000,0.00120000,BUY,false,
1775950500027,6208221616,73114.45000000,0.01469000,BUY,false,
1775950500050,6208221617,73114.45000000,0.00305000,BUY,false,
1775950500057,6208221618,73114.45000000,0.00092000,BUY,false,
1775950500057,6208221619,73114.45000000,0.00008000,BUY,false,
1775950500057,6208221620,73114.45000000,0.00007000,BUY,false,
1775950500057,6208221621,73114.45000000,0.00008000,BUY,false,
1775950500057,6208221622,73114.45000000,0.00008000,BUY,false,
1775950500057,6208221623,73114.45000000,0.00008000,BUY,false,
1775950500057,6208221624,73114.45000000,0.00007000,BUY,false,
1775950500057,6208221625,73114.45000000,0.00577000,BUY,false,
1775950500057,6208221626,73114.45000000,0.00008000,BUY,false,
1775950500057,6208221627,73114.45000000,0.00008000,BUY,false,
1775950500057,6208221628,73114.45000000,0.00007000,BUY,false,
1775950500057,6208221629,73114.45000000,0.00007000,BUY,false,
1775950500057,6208221630,73114.45000000,0.00007000,BUY,false,
1775950500057,6208221631,73114.45000000,0.00007000,BUY,false,
1775950500057,6208221632,73114.45000000,0.00008000,BUY,false,
1775950500057,6208221633,73114.45000000,0.00007000,BUY,false,
1775950500057,6208221634,73114.45000000,0.00007000,BUY,false,
1775950500057,6208221635,73114.45000000,0.00007000,BUY,false,
1775950500057,6208221636,73114.45000000,0.00007000,BUY,false,
1775950500057,6208221637,73114.45000000,0.00007000,BUY,false,
1775950500057,6208221638,73114.45000000,0.00007000,BUY,false,
1775950500057,6208221639,73114.45000000,0.00007000,BUY,false,
1775950500057,6208221640,73114.45000000,0.00007000,BUY,false,
1775950500057,6208221641,73114.45000000,0.00007000,BUY,false,
1775950500057,6208221642,73114.45000000,0.00007000,BUY,false,
1775950500057,6208221643,73114.45000000,0.00007000,BUY,false,
1775950500057,6208221644,73114.45000000,0.00007000,BUY,false,
1775950500057,6208221645,73114.45000000,0.00007000,BUY,false,
1775950500057,6208221646,73114.45000000,0.00007000,BUY,false,
1775950500057,6208221647,73114.45000000,0.00007000,BUY,false,
1775950500057,6208221648,73114.45000000,0.00001000,BUY,false,
1775950500062,6208221649,73114.45000000,0.00006000,BUY,false,
1775950500062,6208221650,73114.45000000,0.00007000,BUY,false,
1775950500062,6208221651,73114.45000000,0.00001000,BUY,false,
1775950500062,6208221652,73114.45000000,0.00007000,BUY,false,
1775950500062,6208221653,73114.45000000,0.00007000,BUY,false,
1775950500064,6208221654,73114.45000000,0.00001000,BUY,false,
1775950500064,6208221655,73114.45000000,0.00008000,BUY,false,
1775950500064,6208221656,73114.45000000,0.00008000,BUY,false,
1775950500064,6208221657,73114.45000000,0.00008000,BUY,false,
1775950500064,6208221658,73114.45000000,0.00008000,BUY,false,
1775950500064,6208221659,73114.45000000,0.00008000,BUY,false,
1775950500064,6208221660,73114.45000000,0.00008000,BUY,false,
1775950500064,6208221661,73114.46000000,0.00050000,BUY,false,
1775950500064,6208221662,73114.46000000,0.00008000,BUY,false,
1775950500064,6208221663,73114.46000000,0.00008000,BUY,false,
1775950500064,6208221664,73114.46000000,0.00008000,BUY,false,
1775950500064,6208221665,73114.46000000,0.00008000,BUY,false,
1775950500064,6208221666,73114.46000000,0.00008000,BUY,false,
1775950500064,6208221667,73114.46000000,0.00008000,BUY,false,
1775950500064,6208221668,73114.46000000,0.00008000,BUY,false,
1775950500064,6208221669,73114.46000000,0.00007000,BUY,false,
1775950500064,6208221670,73114.46000000,0.00007000,BUY,false,
1775950500065,6208221671,73115.16000000,0.00008000,BUY,false,
1775950500065,6208221672,73115.28000000,0.00007000,BUY,false,
1775950500065,6208221673,73115.57000000,0.00030000,BUY,false,
1775950500068,6208221674,73115.57000000,0.00320000,BUY,false,LARGE
1775950500068,6208221675,73115.57000000,0.00007000,BUY,false,
1775950500068,6208221676,73115.57000000,0.00007000,BUY,false,
1775950500068,6208221677,73115.57000000,0.00008000,BUY,false,
1775950500068,6208221678,73115.57000000,0.00008000,BUY,false,
1775950500068,6208221679,73115.57000000,0.00008000,BUY,false,
1775950500068,6208221680,73115.57000000,0.00007000,BUY,false,
1775950500068,6208221681,73115.57000000,0.00007000,BUY,false,
1775950500068,6208221682,73115.58000000,0.00008000,BUY,false,
1775950500068,6208221683,73115.58000000,0.00008000,BUY,false,
1775950500068,6208221684,73115.58000000,0.00008000,BUY,false,
1775950500068,6208221685,73115.80000000,0.00007000,BUY,false,
1775950500068,6208221686,73116.00000000,0.00040000,BUY,false,
1775950500068,6208221687,73116.00000000,0.00040000,BUY,false,
1775950500068,6208221688,73116.00000000,0.00040000,BUY,false,
1775950500068,6208221689,73116.53000000,0.00007000,BUY,false,
1775950500068,6208221690,73116.70000000,0.00234000,BUY,false,LARGE
1775950500068,6208221691,73117.21000000,0.00008000,BUY,false,
1775950500068,6208221692,73117.21000000,0.00008000,BUY,false,
1775950500068,6208221693,73117.21000000,0.00008000,BUY,false,
1775950500068,6208221694,73117.21000000,0.00008000,BUY,false,
1775950500072,6208221695,73117.22000000,0.00340000,BUY,false,LARGE
1775950500076,6208221696,73117.22000000,0.00008000,BUY,false,
1775950500076,6208221697,73117.22000000,0.00007000,BUY,false,
1775950500076,6208221698,73117.22000000,0.00008000,BUY,false,
1775950500076,6208221699,73117.22000000,0.00008000,BUY,false,
1775950500076,6208221700,73117.22000000,0.00007000,BUY,false,
1775950500076,6208221701,73117.22000000,0.00008000,BUY,false,
1775950500076,6208221702,73117.22000000,0.00008000,BUY,false,
1775950500076,6208221703,73117.22000000,0.00008000,BUY,false,
1775950500076,6208221704,73117.22000000,0.00008000,BUY,false,
1775950500076,6208221705,73117.22000000,0.00007000,BUY,false,
1775950500076,6208221706,73117.22000000,0.00007000,BUY,false,
1775950500076,6208221707,73117.23000000,0.00008000,BUY,false,
1775950500076,6208221708,73117.23000000,0.00008000,BUY,false,
1775950500076,6208221709,73117.23000000,0.00008000,BUY,false,
1775950500076,6208221710,73117.23000000,0.00008000,BUY,false,
1775950500076,6208221711,73117.23000000,0.00008000,BUY,false,
1775950500076,6208221712,73117.23000000,0.00008000,BUY,false,
1775950500076,6208221713,73117.23000000,0.00008000,BUY,false,
1775950500076,6208221714,73117.89000000,0.00083000,BUY,false,
1775950500076,6208221715,73117.92000000,0.00008000,BUY,false,
1775950500076,6208221716,73118.00000000,0.00040000,BUY,false,
1775950500076,6208221717,73118.00000000,0.00040000,BUY,false,
1775950500076,6208221718,73118.00000000,0.00040000,BUY,false,
1775950500076,6208221719,73118.76000000,0.00014000,BUY,false,
1775950500076,6208221720,73118.84000000,0.00007000,BUY,false,
1775950500076,6208221721,73119.69000000,0.00007000,BUY,false,
1775950500076,6208221722,73119.69000000,0.00007000,BUY,false,
1775950500076,6208221723,73119.70000000,0.00467000,BUY,false,LARGE
1775950500076,6208221724,73119.87000000,0.01383000,BUY,false,LARGE
1775950500098,6208221725,73120.00000000,0.00040000,BUY,false,
1775950500098,6208221726,73120.00000000,0.00040000,BUY,false,
1775950500098,6208221727,73120.00000000,0.00040000,BUY,false,
1775950500098,6208221728,73120.00000000,0.00008000,BUY,false,
1775950500098,6208221729,73120.00000000,0.00007000,BUY,false,
1775950500098,6208221730,73120.00000000,0.00007000,BUY,false,
1775950500098,6208221731,73120.00000000,0.00008000,BUY,false,
1775950500098,6208221732,73120.00000000,0.00008000,BUY,false,
1775950500098,6208221733,73120.00000000,0.00006000,BUY,false,
1775950500157,6208221734,73120.00000000,0.00002000,BUY,false,
1775950500157,6208221735,73120.00000000,0.00008000,BUY,false,
1775950500157,6208221736,73120.00000000,0.00008000,BUY,false,
1775950500157,6208221737,73120.00000000,0.00008000,BUY,false,
1775950500157,6208221738,73120.00000000,0.00008000,BUY,false,
1775950500157,6208221739,73120.00000000,0.00007000,BUY,false,
1775950500157,6208221740,73120.00000000,0.00007000,BUY,false,
1775950500157,6208221741,73120.00000000,0.00008000,BUY,false,
1775950500157,6208221742,73120.00000000,0.00008000,BUY,false,
1775950500157,6208221743,73120.00000000,0.00007000,BUY,false,
1775950500157,6208221744,73120.00000000,0.00007000,BUY,false,
1775950500157,6208221745,73120.00000000,0.00008000,BUY,false,
1775950500165,6208221746,73120.00000000,0.00007000,BUY,false,
1775950500165,6208221747,73120.00000000,0.00007000,BUY,false,
1775950500165,6208221748,73120.00000000,0.00008000,BUY,false,
1775950500165,6208221749,73120.00000000,0.00008000,BUY,false,
1775950500165,6208221750,73120.00000000,0.00008000,BUY,false,
1775950500165,6208221751,73120.00000000,0.00008000,BUY,false,
1775950500171,6208221752,73120.00000000,0.00008000,BUY,false,
1775950500171,6208221753,73120.00000000,0.00008000,BUY,false,
1775950500171,6208221754,73120.00000000,0.00008000,BUY,false,
1775950500171,6208221755,73120.00000000,0.00007000,BUY,false,
1775950500171,6208221756,73120.00000000,0.00001000,BUY,false,
1775950500232,6208221757,73120.00000000,0.00006000,BUY,false,
1775950500232,6208221758,73120.00000000,0.00008000,BUY,false,
1775950500232,6208221759,73120.00000000,0.00007000,BUY,false,
1775950500232,6208221760,73120.00000000,0.00008000,BUY,false,
1775950500232,6208221761,73120.00000000,0.00008000,BUY,false,
1775950500232,6208221762,73120.00000000,0.00008000,BUY,false,
1775950500232,6208221763,73120.00000000,0.00007000,BUY,false,
1775950500232,6208221764,73120.01000000,0.00008000,BUY,false,
1775950500232,6208221765,73120.01000000,0.00008000,BUY,false,
1775950500232,6208221766,73120.01000000,0.00008000,BUY,false,
1775950500232,6208221767,73120.01000000,0.00007000,BUY,false,
1775950500232,6208221768,73120.01000000,0.00008000,BUY,false,
1775950500232,6208221769,73120.01000000,0.00008000,BUY,false,
1775950500232,6208221770,73120.01000000,0.00007000,BUY,false,
1775950500232,6208221771,73120.21000000,0.00007000,BUY,false,
1775950500232,6208221772,73120.34000000,0.00007000,BUY,false,
1775950500232,6208221773,73120.68000000,0.00008000,BUY,false,
1775950500232,6208221774,73121.12000000,0.00008000,BUY,false,
1775950500232,6208221775,73121.14000000,0.00014000,BUY,false,
1775950500232,6208221776,73121.77000000,0.00300000,BUY,false,LARGE
1775950500232,6208221777,73122.00000000,0.00040000,BUY,false,
1775950500232,6208221778,73122.00000000,0.00040000,BUY,false,
1775950500232,6208221779,73122.00000000,0.00023000,BUY,false,
1775950500579,6208221780,73122.00000000,0.00017000,BUY,false,
1775950500579,6208221781,73122.00000000,0.00007000,BUY,false,
1775950500579,6208221782,73122.00000000,0.00008000,BUY,false,
1775950500579,6208221783,73122.00000000,0.00007000,BUY,false,
1775950500579,6208221784,73122.00000000,0.00008000,BUY,false,
1775950500579,6208221785,73122.00000000,0.00008000,BUY,false,
1775950500579,6208221786,73122.00000000,0.00008000,BUY,false,
1775950500579,6208221787,73122.00000000,0.00007000,BUY,false,
1775950500579,6208221788,73122.00000000,0.00008000,BUY,false,
1775950500579,6208221789,73122.00000000,0.00008000,BUY,false,
1775950500579,6208221790,73122.00000000,0.00007000,BUY,false,
1775950500579,6208221791,73122.00000000,0.00007000,BUY,false,
1775950500579,6208221792,73122.00000000,0.00008000,BUY,false,
1775950500579,6208221793,73122.00000000,0.00007000,BUY,false,
1775950500738,6208221794,73122.00000000,0.00007000,BUY,false,
1775950500738,6208221795,73122.00000000,0.00007000,BUY,false,
1775950500738,6208221796,73122.00000000,0.00007000,BUY,false,
1775950500738,6208221797,73122.00000000,0.00007000,BUY,false,
1775950500738,6208221798,73122.00000000,0.00007000,BUY,false,
1775950500738,6208221799,73122.00000000,0.00007000,BUY,false,
1775950500738,6208221800,73122.00000000,0.00008000,BUY,false,
1775950500738,6208221801,73122.00000000,0.00008000,BUY,false,
1775950500738,6208221802,73122.00000000,0.00008000,BUY,false,
1775950500738,6208221803,73122.00000000,0.00008000,BUY,false,
1775950500738,6208221804,73122.00000000,0.00008000,BUY,false,
1775950500738,6208221805,73122.01000000,0.00004000,BUY,false,
1775950500768,6208221806,73122.01000000,0.00004000,BUY,false,
1775950500768,6208221807,73122.01000000,0.00005000,BUY,false,
1775950501330,6208221808,73122.01000000,0.00003000,BUY,false,
1775950501330,6208221809,73122.01000000,0.00008000,BUY,false,
1775950501330,6208221810,73122.01000000,0.00008000,BUY,false,
1775950501330,6208221811,73122.01000000,0.00007000,BUY,false,
1775950501330,6208221812,73122.01000000,0.00007000,BUY,false,
1775950501330,6208221813,73122.01000000,0.00008000,BUY,false,
1775950501330,6208221814,73122.01000000,0.00008000,BUY,false,
1775950501330,6208221815,73122.01000000,0.00008000,BUY,false,
1775950501330,6208221816,73122.01000000,0.00008000,BUY,false,
1775950501330,6208221817,73122.01000000,0.00007000,BUY,false,
1775950501330,6208221818,73122.01000000,0.00007000,BUY,false,
1775950501330,6208221819,73122.01000000,0.00008000,BUY,false,
1775950501330,6208221820,73122.01000000,0.00008000,BUY,false,
1775950501330,6208221821,73122.01000000,0.00007000,BUY,false,
1775950502961,6208221822,73122.01000000,0.00007000,BUY,false,
1775950502961,6208221823,73122.01000000,0.00007000,BUY,false,
1775950502961,6208221824,73122.01000000,0.00008000,BUY,false,
1775950502961,6208221825,73122.01000000,0.00008000,BUY,false,
1775950502961,6208221826,73122.01000000,0.00008000,BUY,false,
1775950502961,6208221827,73122.01000000,0.00005000,BUY,false,
1775950503136,6208221828,73122.00000000,0.01522000,SELL,true,LARGE
1775950503136,6208221829,73122.00000000,0.09902000,SELL,true,LARGE
1775950503136,6208221830,73122.00000000,0.00007000,SELL,true,
1775950503136,6208221831,73122.00000000,0.16308000,SELL,true,LARGE
1775950503136,6208221832,73122.00000000,0.17820000,SELL,true,LARGE
1775950503136,6208221833,73122.00000000,0.03960000,SELL,true,LARGE
1775950503136,6208221834,73122.00000000,0.21731000,SELL,true,LARGE
1775950503136,6208221835,73122.00000000,0.00014000,SELL,true,
1775950503136,6208221836,73122.00000000,0.02000000,SELL,true,
1775950503136,6208221837,73122.00000000,0.11594000,SELL,true,LARGE
1775950503136,6208221838,73122.00000000,0.01540000,SELL,true,
1775950503136,6208221839,73122.00000000,0.12631000,SELL,true,LARGE
1775950503136,6208221840,73122.00000000,0.00014000,SELL,true,
1775950503136,6208221841,73122.00000000,0.00014000,SELL,true,
1775950503136,6208221842,73122.00000000,0.00171000,SELL,true,
1775950503136,6208221843,73122.00000000,0.00048000,SELL,true,
1775950503136,6208221844,73122.00000000,0.00048000,SELL,true,
1775950503136,6208221845,73122.00000000,0.00190000,SELL,true,
1775950503136,6208221846,73122.00000000,0.00069000,SELL,true,
1775950503136,6208221847,73122.00000000,0.00047000,SELL,true,
1775950503136,6208221848,73122.00000000,0.07538000,SELL,true,LARGE
1775950503136,6208221849,73122.00000000,0.00014000,SELL,true,
1775950503136,6208221850,73122.00000000,0.00500000,SELL,true,
1775950503136,6208221851,73122.00000000,0.00008000,SELL,true,
1775950503136,6208221852,73122.00000000,0.00008000,SELL,true,
1775950503136,6208221853,73122.00000000,0.00547000,SELL,true,
1775950503136,6208221854,73122.00000000,0.00007000,SELL,true,
1775950503136,6208221855,73122.00000000,0.00008000,SELL,true,
1775950503136,6208221856,73122.00000000,0.00007000,SELL,true,
1775950503136,6208221857,73122.00000000,0.00007000,SELL,true,
1775950503136,6208221858,73122.00000000,0.00007000,SELL,true,
1775950503136,6208221859,73121.99000000,0.00007000,SELL,true,
1775950503136,6208221860,73121.99000000,0.00667000,SELL,true,
1775950503136,6208221861,73121.99000000,0.00007000,SELL,true,
1775950503136,6208221862,73121.99000000,0.00653000,SELL,true,
1775950503136,6208221863,73121.99000000,0.00750000,SELL,true,
1775950503136,6208221864,73121.99000000,0.00007000,SELL,true,
1775950503136,6208221865,73121.99000000,0.00007000,SELL,true,
1775950503136,6208221866,73121.99000000,0.00007000,SELL,true,
1775950503136,6208221867,73121.99000000,0.00007000,SELL,true,
1775950503136,6208221868,73121.99000000,0.00007000,SELL,true,
1775950503136,6208221869,73121.99000000,0.00007000,SELL,true,
1775950503136,6208221870,73121.99000000,0.00007000,SELL,true,
1775950503136,6208221871,73121.99000000,0.00007000,SELL,true,
1775950503136,6208221872,73121.78000000,0.00007000,SELL,true,
1775950503136,6208221873,73121.78000000,0.00007000,SELL,true,
1775950503136,6208221874,73121.76000000,0.00007000,SELL,true,
1775950503136,6208221875,73121.76000000,0.00007000,SELL,true,
1775950503136,6208221876,73121.76000000,0.00007000,SELL,true,
1775950503136,6208221877,73121.76000000,0.00007000,SELL,true,
1775950503136,6208221878,73121.76000000,0.00007000,SELL,true,
1775950503136,6208221879,73120.95000000,0.00007000,SELL,true,
1775950503136,6208221880,73120.18000000,0.00008000,SELL,true,
1775950503136,6208221881,73120.18000000,0.00008000,SELL,true,
1775950503136,6208221882,73120.18000000,0.00008000,SELL,true,
1775950503136,6208221883,73120.17000000,0.06000000,SELL,true,LARGE
1775950503136,6208221884,73120.00000000,0.00008000,SELL,true,
1775950503136,6208221885,73120.00000000,0.00008000,SELL,true,
1775950503136,6208221886,73120.00000000,0.00040000,SELL,true,
1775950503136,6208221887,73120.00000000,0.00008000,SELL,true,
1775950503136,6208221888,73119.99000000,0.00045000,SELL,true,
1775950503136,6208221889,73119.99000000,0.00007000,SELL,true,
1775950503136,6208221890,73119.99000000,0.13507000,SELL,true,LARGE
1775950503136,6208221891,73119.99000000,0.00007000,SELL,true,
1775950503136,6208221892,73119.99000000,0.00073000,SELL,true,
1775950503136,6208221893,73119.99000000,0.01382000,SELL,true,
1775950503136,6208221894,73119.99000000,0.00742000,SELL,true,
1775950503136,6208221895,73119.99000000,0.00008000,SELL,true,
1775950503136,6208221896,73119.99000000,0.00007000,SELL,true,
1775950503136,6208221897,73119.99000000,0.00007000,SELL,true,
1775950503136,6208221898,73119.99000000,0.00007000,SELL,true,
1775950503136,6208221899,73119.99000000,0.00007000,SELL,true,
1775950503136,6208221900,73119.99000000,0.00007000,SELL,true,
1775950503136,6208221901,73119.99000000,0.00007000,SELL,true,
1775950503136,6208221902,73119.99000000,0.00007000,SELL,true,
1775950503136,6208221903,73119.99000000,0.00007000,SELL,true,
1775950503137,6208221904,73119.49000000,0.00026000,SELL,true,
1775950503137,6208221905,73118.92000000,0.01000000,SELL,true,
1775950503137,6208221906,73118.84000000,0.00007000,SELL,true,
1775950503137,6208221907,73118.65000000,0.01025000,SELL,true,
1775950503137,6208221908,73118.00000000,0.00040000,SELL,true,
1775950503137,6208221909,73117.56000000,0.00007000,SELL,true,
1775950503137,6208221910,73117.54000000,0.00007000,SELL,true,
1775950503137,6208221911,73117.54000000,0.00007000,SELL,true,
1775950503137,6208221912,73117.22000000,0.00008000,SELL,true,
1775950503137,6208221913,73117.22000000,0.00008000,SELL,true,
1775950503137,6208221914,73117.22000000,0.00008000,SELL,true,
1775950503137,6208221915,73117.21000000,0.00007000,SELL,true,
1775950503137,6208221916,73117.21000000,0.00007000,SELL,true,
1775950503137,6208221917,73117.21000000,0.00007000,SELL,true,
1775950503137,6208221918,73117.21000000,0.00007000,SELL,true,
1775950503137,6208221919,73117.21000000,0.00007000,SELL,true,
1775950503137,6208221920,73117.21000000,0.00007000,SELL,true,
1775950503137,6208221921,73117.21000000,0.00007000,SELL,true,
1775950503137,6208221922,73116.33000000,0.00764000,SELL,true,
1775950503137,6208221923,73116.00000000,0.00040000,SELL,true,
1775950503137,6208221924,73116.00000000,0.00040000,SELL,true,
1775950503137,6208221925,73116.00000000,0.00040000,SELL,true,
1775950503137,6208221926,73116.00000000,0.00008000,SELL,true,
1775950503137,6208221927,73115.99000000,0.00007000,SELL,true,
1775950503137,6208221928,73115.99000000,0.00009000,SELL,true,
1775950503137,6208221929,73115.99000000,0.00007000,SELL,true,
1775950503137,6208221930,73115.58000000,0.00007000,SELL,true,
1775950503137,6208221931,73115.58000000,0.00007000,SELL,true,
1775950503137,6208221932,73115.58000000,0.00007000,SELL,true,
1775950503137,6208221933,73115.58000000,0.00007000,SELL,true,
1775950503137,6208221934,73115.58000000,0.00007000,SELL,true,
1775950503137,6208221935,73115.56000000,0.00007000,SELL,true,
1775950503137,6208221936,73115.56000000,0.00007000,SELL,true,
1775950503137,6208221937,73115.56000000,0.00007000,SELL,true,
1775950503137,6208221938,73115.56000000,0.00007000,SELL,true,
1775950503137,6208221939,73115.28000000,0.00007000,SELL,true,
1775950503137,6208221940,73115.16000000,0.00008000,SELL,true,
1775950503137,6208221941,73115.15000000,0.00007000,SELL,true,
1775950503137,6208221942,73115.15000000,0.00007000,SELL,true,
1775950503137,6208221943,73115.15000000,0.00007000,SELL,true,
1775950503137,6208221944,73115.15000000,0.00007000,SELL,true,
1775950503137,6208221945,73115.15000000,0.00007000,SELL,true,
1775950503137,6208221946,73115.15000000,0.00007000,SELL,true,
1775950503137,6208221947,73115.15000000,0.00007000,SELL,true,
1775950503137,6208221948,73115.15000000,0.00007000,SELL,true,
1775950503137,6208221949,73115.15000000,0.00007000,SELL,true,
1775950503137,6208221950,73115.15000000,0.00007000,SELL,true,
1775950503137,6208221951,73114.72000000,0.02000000,SELL,true,LARGE
1775950503137,6208221952,73114.47000000,0.00007000,SELL,true,
1775950503137,6208221953,73114.47000000,0.00007000,SELL,true,
1775950503137,6208221954,73114.46000000,0.05000000,SELL,true,LARGE
1775950503137,6208221955,73114.44000000,0.00007000,SELL,true,
1775950503137,6208221956,73114.44000000,0.00007000,SELL,true,
1775950503137,6208221957,73114.44000000,0.00260000,SELL,true,
1775950503137,6208221958,73114.44000000,0.01362000,SELL,true,LARGE
1775950503137,6208221959,73114.44000000,0.00748000,SELL,true,
1775950503137,6208221960,73114.44000000,0.00007000,SELL,true,
1775950503137,6208221961,73114.44000000,0.01796000,SELL,true,LARGE
1775950503137,6208221962,73114.44000000,0.01000000,SELL,true,
1775950503138,6208221963,73114.44000000,0.11558000,SELL,true,LARGE
1775950503138,6208221964,73114.44000000,0.03146000,SELL,true,LARGE
1775950503138,6208221965,73114.44000000,0.00007000,SELL,true,
1775950503138,6208221966,73114.44000000,0.00007000,SELL,true,
1775950503138,6208221967,73114.44000000,0.00007000,SELL,true,
1775950503138,6208221968,73114.44000000,0.00007000,SELL,true,
1775950503138,6208221969,73114.44000000,0.00007000,SELL,true,
1775950503138,6208221970,73114.44000000,0.00007000,SELL,true,
1775950503138,6208221971,73114.44000000,0.00007000,SELL,true,
1775950503138,6208221972,73114.44000000,0.00007000,SELL,true,
1775950503138,6208221973,73114.44000000,0.00007000,SELL,true,
1775950503138,6208221974,73114.44000000,0.00007000,SELL,true,
1775950503138,6208221975,73114.44000000,0.00007000,SELL,true,
1775950503138,6208221976,73114.44000000,0.00007000,SELL,true,
1775950503138,6208221977,73114.34000000,0.00007000,SELL,true,
1775950503138,6208221978,73114.12000000,0.01025000,SELL,true,
1775950503138,6208221979,73114.00000000,0.00040000,SELL,true,
1775950503138,6208221980,73114.00000000,0.00040000,SELL,true,
1775950503138,6208221981,73114.00000000,0.00040000,SELL,true,
1775950503138,6208221982,73113.61000000,0.00137000,SELL,true,
1775950503138,6208221983,73112.87000000,0.00014000,SELL,true,
1775950503138,6208221984,73112.67000000,0.00300000,SELL,true,
1775950503138,6208221985,73112.40000000,0.00008000,SELL,true,
1775950503138,6208221986,73112.16000000,0.00300000,SELL,true,
1775950503138,6208221987,73112.00000000,0.00040000,SELL,true,
1775950503138,6208221988,73112.00000000,0.00040000,SELL,true,
1775950503138,6208221989,73112.00000000,0.00040000,SELL,true,
1775950503138,6208221990,73111.99000000,0.00733000,SELL,true,
1775950503138,6208221991,73111.96000000,0.00554000,SELL,true,
1775950503141,6208221992,73111.72000000,0.00020000,SELL,true,
1775950503141,6208221993,73111.72000000,0.00007000,SELL,true,
1775950503141,6208221994,73111.72000000,0.00007000,SELL,true,
1775950503141,6208221995,73111.72000000,0.00007000,SELL,true,
1775950503141,6208221996,73111.63000000,0.02000000,SELL,true,LARGE
1775950503141,6208221997,73111.12000000,0.00007000,SELL,true,
1775950503141,6208221998,73110.87000000,0.00014000,SELL,true,
1775950503141,6208221999,73110.57000000,0.00083000,SELL,true,
1775950503141,6208222000,73110.33000000,0.00300000,SELL,true,
1775950503141,6208222001,73110.25000000,0.00467000,SELL,true,
1775950503141,6208222002,73110.00000000,0.00040000,SELL,true,
1775950503141,6208222003,73110.00000000,0.00040000,SELL,true,
1775950503141,6208222004,73110.00000000,0.00040000,SELL,true,
1775950503141,6208222005,73109.65000000,0.00753000,SELL,true,
1775950503141,6208222006,73109.64000000,0.00008000,SELL,true,
1775950503141,6208222007,73109.56000000,0.00207000,SELL,true,
1775950503141,6208222008,73109.56000000,0.01793000,SELL,true,LARGE
1775950503141,6208222009,73109.51000000,0.01360000,SELL,true,LARGE
1775950503141,6208222010,73109.50000000,0.00009000,SELL,true,
1775950503141,6208222011,73109.44000000,0.02000000,SELL,true,LARGE
1775950503141,6208222012,73109.39000000,0.04103000,SELL,true,LARGE
1775950503141,6208222013,73109.11000000,0.01304000,SELL,true,
1775950503142,6208222014,73109.11000000,0.01377000,SELL,true,
1775950503146,6208222015,73109.11000000,0.05319000,SELL,true,LARGE
1775950503146,6208222016,73109.11000000,0.00007000,SELL,true,
1775950503146,6208222017,73109.11000000,0.00007000,SELL,true,
1775950503146,6208222018,73109.11000000,0.00007000,SELL,true,
1775950503146,6208222019,73109.11000000,0.00007000,SELL,true,
1775950503146,6208222020,73109.11000000,0.00007000,SELL,true,
1775950503146,6208222021,73109.11000000,0.00007000,SELL,true,
1775950503146,6208222022,73109.11000000,0.00007000,SELL,true,
1775950503146,6208222023,73109.11000000,0.00007000,SELL,true,
1775950503146,6208222024,73109.11000000,0.00007000,SELL,true,
1775950503146,6208222025,73108.81000000,0.02000000,SELL,true,LARGE
1775950503146,6208222026,73108.80000000,0.00618000,SELL,true,
1775950503147,6208222027,73108.67000000,0.02000000,SELL,true,LARGE
1775950503147,6208222028,73108.67000000,0.00007000,SELL,true,
1775950503147,6208222029,73108.67000000,0.00007000,SELL,true,
1775950503147,6208222030,73108.67000000,0.00007000,SELL,true,
1775950503147,6208222031,73108.67000000,0.00007000,SELL,true,
1775950503147,6208222032,73108.67000000,0.00007000,SELL,true,
1775950503147,6208222033,73108.59000000,0.00011000,SELL,true,
1775950503147,6208222034,73108.18000000,0.00030000,SELL,true,
1775950503147,6208222035,73108.16000000,0.00007000,SELL,true,
1775950503147,6208222036,73108.09000000,0.02000000,SELL,true,LARGE
1775950503147,6208222037,73108.00000000,0.00040000,SELL,true,
1775950503147,6208222038,73108.00000000,0.00040000,SELL,true,
1775950503147,6208222039,73108.00000000,0.00040000,SELL,true,
1775950503147,6208222040,73107.91000000,0.00007000,SELL,true,
1775950503147,6208222041,73107.81000000,0.04000000,SELL,true,LARGE
1775950503147,6208222042,73107.56000000,0.09574000,SELL,true,LARGE
1775950503147,6208222043,73107.12000000,0.00300000,SELL,true,
1775950503147,6208222044,73107.04000000,0.00007000,SELL,true,
1775950503147,6208222045,73106.88000000,0.00008000,SELL,true,
1775950503147,6208222046,73106.85000000,0.00234000,SELL,true,
1775950503147,6208222047,73106.76000000,0.00008000,SELL,true,
1775950503147,6208222048,73106.30000000,0.00137000,SELL,true,
1775950503147,6208222049,73106.00000000,0.00040000,SELL,true,
1775950503147,6208222050,73106.00000000,0.00040000,SELL,true,
1775950503147,6208222051,73106.00000000,0.00040000,SELL,true,
1775950503147,6208222052,73105.74000000,0.03026000,SELL,true,LARGE
1775950503151,6208222053,73105.74000000,0.05156000,SELL,true,LARGE
1775950503152,6208222054,73105.74000000,0.01393000,SELL,true,
1775950503152,6208222055,73105.74000000,0.00007000,SELL,true,
1775950503152,6208222056,73105.74000000,0.00007000,SELL,true,
1775950503152,6208222057,73105.74000000,0.00007000,SELL,true,
1775950503152,6208222058,73105.74000000,0.00586000,SELL,true,
1775950503152,6208222059,73105.74000000,0.00800000,SELL,true,
1775950503173,6208222060,73105.74000000,0.00007000,SELL,true,
1775950503173,6208222061,73105.74000000,0.00007000,SELL,true,
1775950503173,6208222062,73105.74000000,0.00007000,SELL,true,
1775950503173,6208222063,73105.74000000,0.00007000,SELL,true,
1775950503173,6208222064,73105.74000000,0.00007000,SELL,true,
1775950503173,6208222065,73105.74000000,0.07965000,SELL,true,LARGE
1775950503173,6208222066,73105.74000000,0.04000000,SELL,true,LARGE
1775950503185,6208222067,73105.74000000,0.05855000,SELL,true,LARGE
1775950503185,6208222068,73105.74000000,0.00007000,SELL,true,
1775950503185,6208222069,73105.74000000,0.00007000,SELL,true,
1775950503185,6208222070,73105.74000000,0.14357000,SELL,true,LARGE
1775950503185,6208222071,73105.74000000,0.12713000,SELL,true,LARGE
1775950503185,6208222072,73105.74000000,0.00014000,SELL,true,
1775950503185,6208222073,73105.74000000,0.13410000,SELL,true,LARGE
1775950503185,6208222074,73105.74000000,0.00014000,SELL,true,
1775950503185,6208222075,73105.70000000,0.00015000,SELL,true,
1775950503185,6208222076,73105.61000000,0.00007000,SELL,true,
1775950503185,6208222077,73105.61000000,0.00007000,SELL,true,
1775950503185,6208222078,73105.60000000,0.00007000,SELL,true,
1775950503185,6208222079,73105.60000000,0.00008000,SELL,true,
1775950503185,6208222080,73105.60000000,0.00008000,SELL,true,
1775950503185,6208222081,73105.60000000,0.00007000,SELL,true,
1775950503185,6208222082,73105.60000000,0.00008000,SELL,true,
1775950503185,6208222083,73105.59000000,0.01391000,SELL,true,
1775950503185,6208222084,73105.59000000,0.00075000,SELL,true,
1775950503185,6208222085,73105.59000000,0.00392000,SELL,true,
1775950503185,6208222086,73105.59000000,0.00392000,SELL,true,
1775950503185,6208222087,73105.59000000,0.00010000,SELL,true,
1775950503185,6208222088,73105.59000000,0.00392000,SELL,true,
1775950503185,6208222089,73105.59000000,0.00392000,SELL,true,
1775950503185,6208222090,73105.59000000,0.00392000,SELL,true,
1775950503185,6208222091,73105.59000000,0.00392000,SELL,true,
1775950503185,6208222092,73105.59000000,0.00392000,SELL,true,
1775950503185,6208222093,73105.59000000,0.00392000,SELL,true,
1775950503185,6208222094,73105.59000000,0.00392000,SELL,true,
1775950503185,6208222095,73105.59000000,0.00392000,SELL,true,
1775950503185,6208222096,73105.59000000,0.00392000,SELL,true,
1775950503185,6208222097,73105.59000000,0.00392000,SELL,true,
1775950503185,6208222098,73105.59000000,0.00392000,SELL,true,
1775950503185,6208222099,73105.59000000,0.00392000,SELL,true,
1775950503185,6208222100,73105.59000000,0.00392000,SELL,true,
1775950503185,6208222101,73105.59000000,0.00392000,SELL,true,
1775950503185,6208222102,73105.59000000,0.00253000,SELL,true,
1775950503185,6208222103,73105.59000000,0.00392000,SELL,true,
1775950503185,6208222104,73105.59000000,0.00366000,SELL,true,
1775950503185,6208222105,73105.59000000,0.00181000,SELL,true,
1775950503185,6208222106,73105.15000000,0.00008000,SELL,true,
1775950503185,6208222107,73105.15000000,0.00008000,SELL,true,
1775950503185,6208222108,73105.15000000,0.00008000,SELL,true,
1775950503185,6208222109,73105.14000000,0.00762000,SELL,true,
1775950503185,6208222110,73104.69000000,0.00007000,SELL,true,
1775950503185,6208222111,73104.60000000,0.00007000,SELL,true,
1775950503185,6208222112,73104.12000000,0.00008000,SELL,true,
1775950503185,6208222113,73104.00000000,0.00040000,SELL,true,
1775950503185,6208222114,73104.00000000,0.00040000,SELL,true,
1775950503185,6208222115,73104.00000000,0.00040000,SELL,true,
1775950503185,6208222116,73103.26000000,0.00083000,SELL,true,
1775950503185,6208222117,73102.07000000,0.00386000,SELL,true,
1775950503185,6208222118,73102.00000000,0.00040000,SELL,true,
1775950503185,6208222119,73102.00000000,0.00040000,SELL,true,
1775950503185,6208222120,73102.00000000,0.00040000,SELL,true,
1775950503185,6208222121,73101.81000000,0.00007000,SELL,true,
1775950503185,6208222122,73101.81000000,0.00007000,SELL,true,
1775950503185,6208222123,73101.81000000,0.00007000,SELL,true,
1775950503185,6208222124,73101.81000000,0.00007000,SELL,true,
1775950503185,6208222125,73101.81000000,0.00007000,SELL,true,
1775950503185,6208222126,73101.71000000,0.00008000,SELL,true,
1775950503185,6208222127,73101.49000000,0.00008000,SELL,true,
1775950503185,6208222128,73101.49000000,0.00008000,SELL,true,
1775950503185,6208222129,73101.49000000,0.00008000,SELL,true,
1775950503185,6208222130,73101.48000000,0.00768000,SELL,true,
1775950503185,6208222131,73101.47000000,0.00007000,SELL,true,
1775950503185,6208222132,73101.36000000,0.00008000,SELL,true,
1775950503185,6208222133,73101.25000000,0.00011000,SELL,true,
1775950503185,6208222134,73101.20000000,0.00008000,SELL,true,
1775950503185,6208222135,73101.04000000,0.00007000,SELL,true,
1775950503185,6208222136,73101.00000000,0.00008000,SELL,true,
1775950503185,6208222137,73101.00000000,0.00008000,SELL,true,
1775950503185,6208222138,73101.00000000,0.00008000,SELL,true,
1775950503185,6208222139,73100.99000000,0.00014000,SELL,true,
1775950503185,6208222140,73100.99000000,0.00014000,SELL,true,
1775950503185,6208222141,73100.99000000,0.01335000,SELL,true,
1775950503185,6208222142,73100.98000000,0.00136000,SELL,true,
1775950503207,6208222143,73100.99000000,0.00008000,SELL,true,
1775950503215,6208222144,73101.00000000,0.00050000,BUY,false,
1775950503218,6208222145,73100.99000000,0.00020000,SELL,true,
1775950503223,6208222146,73100.99000000,0.00464000,SELL,true,
1775950503223,6208222147,73100.81000000,0.00008000,SELL,true,
1775950503223,6208222148,73100.81000000,0.00008000,SELL,true,
1775950503223,6208222149,73100.81000000,0.00007000,SELL,true,
1775950503223,6208222150,73100.81000000,0.00738000,SELL,true,
1775950503223,6208222151,73100.81000000,0.00007000,SELL,true,
1775950503223,6208222152,73100.81000000,0.01344000,SELL,true,
1775950503223,6208222153,73100.81000000,0.00008000,SELL,true,
1775950503223,6208222154,73100.81000000,0.00007000,SELL,true,
1775950503223,6208222155,73100.81000000,0.00007000,SELL,true,
1775950503223,6208222156,73100.80000000,0.00350000,SELL,true,
1775950503223,6208222157,73100.80000000,0.00467000,SELL,true,
1775950503236,6208222158,73100.06000000,0.00013000,SELL,true,
1775950503236,6208222159,73100.06000000,0.00007000,SELL,true,
1775950503236,6208222160,73100.06000000,0.00007000,SELL,true,
1775950503236,6208222161,73100.00000000,0.00040000,SELL,true,
1775950503236,6208222162,73100.00000000,0.00040000,SELL,true,
1775950503236,6208222163,73100.00000000,0.00040000,SELL,true,
1775950503240,6208222164,73099.58000000,0.00008000,SELL,true,
1775950503240,6208222165,73099.58000000,0.00007000,SELL,true,
1775950503240,6208222166,73099.58000000,0.00007000,SELL,true,
1775950503240,6208222167,73099.58000000,0.00007000,SELL,true,
1775950503240,6208222168,73099.58000000,0.00007000,SELL,true,
1775950503305,6208222169,73098.61000000,0.00082000,BUY,false,
1775950503313,6208222170,73098.61000000,0.00052000,BUY,false,
1775950503324,6208222171,73098.61000000,0.00074000,BUY,false,
1775950503330,6208222172,73098.61000000,0.00052000,BUY,false,
1775950503338,6208222173,73098.61000000,0.00059000,BUY,false,
1775950503345,6208222174,73098.61000000,0.00059000,BUY,false,
1775950503352,6208222175,73098.61000000,0.00059000,BUY,false,
1775950503366,6208222176,73098.61000000,0.00067000,BUY,false,
1775950503386,6208222177,73098.61000000,0.00052000,BUY,false,
1775950503392,6208222178,73098.61000000,0.00052000,BUY,false,
1775950503398,6208222179,73098.61000000,0.00762000,BUY,false,LARGE
1775950503404,6208222180,73098.61000000,0.00044000,BUY,false,
1775950503411,6208222181,73098.61000000,0.00037000,BUY,false,
1775950503424,6208222182,73098.61000000,0.00044000,BUY,false,
1775950503430,6208222183,73098.61000000,0.00044000,BUY,false,
1775950503436,6208222184,73098.61000000,0.00037000,BUY,false,
1775950503443,6208222185,73098.61000000,0.00044000,BUY,false,
1775950503450,6208222186,73098.61000000,0.00051000,BUY,false,
1775950503455,6208222187,73098.61000000,0.00143000,BUY,false,
1775950503457,6208222188,73098.61000000,0.00052000,BUY,false,
1775950503464,6208222189,73098.61000000,0.02094000,BUY,false,LARGE
1775950503464,6208222190,73098.61000000,0.00355000,BUY,false,
1775950503471,6208222191,73098.61000000,0.00052000,BUY,false,
1775950503476,6208222192,73098.60000000,0.00008000,SELL,true,
1775950503476,6208222193,73098.60000000,0.00007000,SELL,true,
1775950503476,6208222194,73098.60000000,0.00008000,SELL,true,
1775950503476,6208222195,73098.60000000,0.00008000,SELL,true,
1775950503476,6208222196,73098.60000000,0.00008000,SELL,true,
1775950503476,6208222197,73098.60000000,0.00007000,SELL,true,
1775950503476,6208222198,73098.60000000,0.00008000,SELL,true,
1775950503476,6208222199,73098.60000000,0.00014000,SELL,true,
1775950503476,6208222200,73098.60000000,0.00007000,SELL,true,
1775950503476,6208222201,73098.60000000,0.00008000,SELL,true,
1775950503476,6208222202,73098.60000000,0.00007000,SELL,true,
1775950503476,6208222203,73098.60000000,0.00008000,SELL,true,
1775950503476,6208222204,73098.60000000,0.00008000,SELL,true,
1775950503476,6208222205,73098.60000000,0.00226000,SELL,true,
1775950503477,6208222206,73098.61000000,0.00052000,BUY,false,
1775950503479,6208222207,73098.60000000,0.01326000,SELL,true,LARGE
1775950503479,6208222208,73098.60000000,0.00505000,SELL,true,LARGE
1775950503483,6208222209,73098.61000000,0.00052000,BUY,false,
1775950503490,6208222210,73098.61000000,0.00037000,BUY,false,
1775950503497,6208222211,73098.61000000,0.00052000,BUY,false,
1775950503504,6208222212,73098.61000000,0.00052000,BUY,false,
1775950503508,6208222213,73098.60000000,0.01081000,SELL,true,LARGE
1775950503512,6208222214,73098.61000000,0.00052000,BUY,false,
1775950503519,6208222215,73098.61000000,0.00052000,BUY,false,
1775950503526,6208222216,73098.61000000,0.00052000,BUY,false,
1775950503533,6208222217,73098.61000000,0.00052000,BUY,false,
1775950503545,6208222218,73098.61000000,0.00052000,BUY,false,
1775950503551,6208222219,73098.61000000,0.00052000,BUY,false,
1775950503557,6208222220,73098.61000000,0.00044000,BUY,false,
1775950503563,6208222221,73098.61000000,0.00044000,BUY,false,
1775950503570,6208222222,73098.61000000,0.00052000,BUY,false,
1775950503577,6208222223,73098.61000000,0.00052000,BUY,false,
1775950503583,6208222224,73098.61000000,0.00052000,BUY,false,
1775950503590,6208222225,73098.61000000,0.00052000,BUY,false,
1775950503595,6208222226,73098.61000000,0.00052000,BUY,false,
1775950503606,6208222227,73098.61000000,0.00052000,BUY,false,
1775950503612,6208222228,73098.61000000,0.00052000,BUY,false,
1775950503618,6208222229,73098.61000000,0.00059000,BUY,false,
1775950503625,6208222230,73098.61000000,0.00052000,BUY,false,
1775950503632,6208222231,73098.61000000,0.00059000,BUY,false,
1775950503638,6208222232,73098.61000000,0.02245000,BUY,false,LARGE
1775950503645,6208222233,73098.61000000,0.00044000,BUY,false,
1775950503651,6208222234,73098.61000000,0.00059000,BUY,false,
1775950503656,6208222235,73098.61000000,0.00052000,BUY,false,
1775950503663,6208222236,73098.61000000,0.00059000,BUY,false,
1775950503670,6208222237,73098.61000000,0.00052000,BUY,false,
1775950503677,6208222238,73098.61000000,0.00059000,BUY,false,
1775950503683,6208222239,73098.61000000,0.00052000,BUY,false,
1775950503695,6208222240,73098.61000000,0.00059000,BUY,false,
1775950503701,6208222241,73098.61000000,0.00052000,BUY,false,
1775950503707,6208222242,73098.61000000,0.00052000,BUY,false,
1775950503713,6208222243,73098.61000000,0.00037000,BUY,false,
1775950503720,6208222244,73098.61000000,0.00052000,BUY,false,
1775950503726,6208222245,73098.61000000,0.00059000,BUY,false,
1775950503732,6208222246,73098.61000000,0.00052000,BUY,false,
1775950503738,6208222247,73098.61000000,0.00052000,BUY,false,
1775950503745,6208222248,73098.61000000,0.00044000,BUY,false,
1775950503752,6208222249,73098.61000000,0.00059000,BUY,false,
1775950503760,6208222250,73098.61000000,0.00052000,BUY,false,
1775950503767,6208222251,73098.61000000,0.00059000,BUY,false,
1775950503774,6208222252,73098.61000000,0.02135000,BUY,false,LARGE
1775950503781,6208222253,73098.61000000,0.00059000,BUY,false,
1775950503788,6208222254,73098.61000000,0.02101000,BUY,false,LARGE
1775950503795,6208222255,73098.61000000,0.00037000,BUY,false,
1775950503802,6208222256,73098.61000000,0.00059000,BUY,false,
1775950503817,6208222257,73098.61000000,0.00067000,BUY,false,
1775950503823,6208222258,73098.61000000,0.02239000,BUY,false,LARGE
1775950503830,6208222259,73098.61000000,0.00052000,BUY,false,
1775950503837,6208222260,73098.61000000,0.00059000,BUY,false,
1775950503844,6208222261,73098.61000000,0.00052000,BUY,false,
1775950503852,6208222262,73098.61000000,0.02020000,BUY,false,LARGE
1775950503859,6208222263,73098.61000000,0.00052000,BUY,false,
1775950503866,6208222264,73098.61000000,0.00059000,BUY,false,
1775950503873,6208222265,73098.61000000,0.00052000,BUY,false,
1775950503881,6208222266,73098.61000000,0.02650000,BUY,false,LARGE
1775950503888,6208222267,73098.61000000,0.00052000,BUY,false,
1775950503895,6208222268,73098.61000000,0.00052000,BUY,false,
1775950503902,6208222269,73098.61000000,0.00059000,BUY,false,
1775950503907,6208222270,73098.60000000,0.00084000,SELL,true,
1775950503908,6208222271,73098.61000000,0.00052000,BUY,false,
1775950503915,6208222272,73098.61000000,0.00017000,BUY,false,
1775950503915,6208222273,73098.61000000,0.00042000,BUY,false,
1775950503921,6208222274,73098.61000000,0.00059000,BUY,false,
1775950503928,6208222275,73098.61000000,0.00071000,BUY,false,
1775950503935,6208222276,73098.61000000,0.00059000,BUY,false,
1775950503942,6208222277,73098.61000000,0.00052000,BUY,false,
1775950503949,6208222278,73098.61000000,0.00052000,BUY,false,
1775950503956,6208222279,73098.61000000,0.00059000,BUY,false,
1775950503963,6208222280,73098.61000000,0.00052000,BUY,false,
1775950503970,6208222281,73098.61000000,0.00059000,BUY,false,
1775950503977,6208222282,73098.61000000,0.00052000,BUY,false,
1775950503983,6208222283,73098.61000000,0.00059000,BUY,false,
1775950503994,6208222284,73098.61000000,0.00052000,BUY,false,
1775950504000,6208222285,73098.61000000,0.00059000,BUY,false,
1775950504007,6208222286,73098.61000000,0.00052000,BUY,false,
1775950504014,6208222287,73098.61000000,0.00059000,BUY,false,
1775950504021,6208222288,73098.61000000,0.00059000,BUY,false,
1775950504027,6208222289,73098.61000000,0.00059000,BUY,false,
1775950504034,6208222290,73098.61000000,0.00037000,BUY,false,
1775950504041,6208222291,73098.61000000,0.00059000,BUY,false,
1775950504047,6208222292,73098.61000000,0.00052000,BUY,false,
1775950504054,6208222293,73098.61000000,0.00059000,BUY,false,
1775950504061,6208222294,73098.61000000,0.00052000,BUY,false,
1775950504068,6208222295,73098.61000000,0.00059000,BUY,false,
1775950504075,6208222296,73098.61000000,0.00044000,BUY,false,
1775950504082,6208222297,73098.61000000,0.00059000,BUY,false,
1775950504088,6208222298,73098.61000000,0.00052000,BUY,false,
1775950504095,6208222299,73098.61000000,0.00052000,BUY,false,
1775950504101,6208222300,73098.61000000,0.00059000,BUY,false,
1775950504107,6208222301,73098.61000000,0.00052000,BUY,false,
1775950504115,6208222302,73098.61000000,0.00059000,BUY,false,
1775950504122,6208222303,73098.61000000,0.00052000,BUY,false,
1775950504128,6208222304,73098.61000000,0.00052000,BUY,false,
1775950504134,6208222305,73098.61000000,0.00052000,BUY,false,
1775950504140,6208222306,73098.61000000,0.00017000,BUY,false,
1775950504142,6208222307,73098.61000000,0.00067000,BUY,false,
1775950504148,6208222308,73098.61000000,0.00052000,BUY,false,
1775950504154,6208222309,73098.61000000,0.00052000,BUY,false,
1775950504161,6208222310,73098.61000000,0.00052000,BUY,false,
1775950504168,6208222311,73098.61000000,0.04101000,BUY,false,LARGE
1775950504174,6208222312,73098.61000000,0.00067000,BUY,false,
1775950504181,6208222313,73098.61000000,0.00052000,BUY,false,
1775950504188,6208222314,73098.61000000,0.00067000,BUY,false,
1775950504196,6208222315,73098.61000000,0.00059000,BUY,false,
1775950504202,6208222316,73098.61000000,0.00052000,BUY,false,
1775950504209,6208222317,73098.61000000,0.00067000,BUY,false,
1775950504217,6208222318,73098.61000000,0.04101000,BUY,false,LARGE
1775950504223,6208222319,73098.61000000,0.00260000,BUY,false,
1775950504424,6208222320,73098.61000000,0.00020000,BUY,false,
1775950504650,6208222321,73098.61000000,0.00012000,BUY,false,
1775950505612,6208222322,73098.60000000,0.00154000,SELL,true,
1775950506236,6208222323,73098.60000000,0.00333000,SELL,true,
1775950506444,6208222324,73098.60000000,0.00251000,SELL,true,
1775950506729,6208222325,73098.60000000,0.00046000,SELL,true,
1775950507563,6208222326,73098.61000000,0.02409000,BUY,false,LARGE
1775950508085,6208222327,73098.60000000,0.00793000,SELL,true,
1775950508307,6208222328,73098.61000000,0.00251000,BUY,false,
1775950508564,6208222329,73098.60000000,0.00023000,SELL,true,
1775950508676,6208222330,73098.60000000,0.08784000,SELL,true,LARGE
1775950508676,6208222331,73098.60000000,0.00014000,SELL,true,
1775950508676,6208222332,73098.60000000,0.00007000,SELL,true,
1775950508676,6208222333,73098.60000000,0.00007000,SELL,true,
1775950508676,6208222334,73098.60000000,0.00007000,SELL,true,
1775950508676,6208222335,73098.60000000,0.00008000,SELL,true,
1775950508676,6208222336,73098.60000000,0.00008000,SELL,true,
1775950508676,6208222337,73098.60000000,0.00008000,SELL,true,
1775950508676,6208222338,73098.60000000,0.00226000,SELL,true,
1775950508676,6208222339,73098.60000000,0.00008000,SELL,true,
1775950508676,6208222340,73098.60000000,0.01831000,SELL,true,LARGE
1775950508676,6208222341,73098.60000000,0.01081000,SELL,true,
1775950508676,6208222342,73098.60000000,0.00007000,SELL,true,
1775950508676,6208222343,73098.60000000,0.03960000,SELL,true,LARGE
1775950508676,6208222344,73098.60000000,0.00547000,SELL,true,
1775950508676,6208222345,73098.60000000,0.00547000,SELL,true,
1775950508676,6208222346,73098.60000000,0.09849000,SELL,true,LARGE
1775950508676,6208222347,73098.60000000,0.00014000,SELL,true,
1775950508676,6208222348,73098.60000000,0.01540000,SELL,true,
1775950508676,6208222349,73098.60000000,0.03299000,SELL,true,LARGE
1775950508676,6208222350,73098.60000000,0.23055000,SELL,true,LARGE
1775950508676,6208222351,73098.60000000,0.00014000,SELL,true,
1775950508676,6208222352,73098.60000000,0.00014000,SELL,true,
1775950508676,6208222353,73098.60000000,0.00007000,SELL,true,
1775950508676,6208222354,73098.60000000,0.00008000,SELL,true,
1775950508676,6208222355,73098.60000000,0.00008000,SELL,true,
1775950508676,6208222356,73098.60000000,0.00007000,SELL,true,
1775950508676,6208222357,73098.60000000,0.00008000,SELL,true,
1775950508676,6208222358,73098.60000000,0.00008000,SELL,true,
1775950508676,6208222359,73098.60000000,0.00008000,SELL,true,
1775950508676,6208222360,73098.60000000,0.00008000,SELL,true,
1775950508676,6208222361,73098.60000000,0.00008000,SELL,true,
1775950508676,6208222362,73098.60000000,0.00008000,SELL,true,
1775950508676,6208222363,73098.60000000,0.00007000,SELL,true,
1775950508676,6208222364,73098.60000000,0.00007000,SELL,true,
1775950508676,6208222365,73098.60000000,0.00007000,SELL,true,
1775950508676,6208222366,73098.60000000,0.00007000,SELL,true,
1775950508676,6208222367,73098.60000000,0.00007000,SELL,true,
1775950508676,6208222368,73098.60000000,0.00007000,SELL,true,
1775950508676,6208222369,73098.60000000,0.00007000,SELL,true,
1775950508676,6208222370,73098.60000000,0.00007000,SELL,true,
1775950508676,6208222371,73098.60000000,0.00007000,SELL,true,
1775950508676,6208222372,73098.59000000,0.00008000,SELL,true,
1775950508676,6208222373,73098.59000000,0.00008000,SELL,true,
1775950508676,6208222374,73098.59000000,0.00008000,SELL,true,
1775950508676,6208222375,73098.59000000,0.00008000,SELL,true,
1775950508676,6208222376,73098.59000000,0.00008000,SELL,true,
1775950508676,6208222377,73098.59000000,0.00008000,SELL,true,
1775950508676,6208222378,73098.59000000,0.00008000,SELL,true,
1775950508676,6208222379,73098.59000000,0.00008000,SELL,true,
1775950508676,6208222380,73098.59000000,0.00008000,SELL,true,
1775950508676,6208222381,73098.56000000,0.00007000,SELL,true,
1775950508676,6208222382,73098.00000000,0.00040000,SELL,true,
1775950508676,6208222383,73098.00000000,0.00040000,SELL,true,
1775950508676,6208222384,73098.00000000,0.00080000,SELL,true,
1775950508676,6208222385,73097.77000000,0.00007000,SELL,true,
1775950508676,6208222386,73097.77000000,0.00007000,SELL,true,
1775950508676,6208222387,73097.77000000,0.00007000,SELL,true,
1775950508676,6208222388,73097.77000000,0.00007000,SELL,true,
1775950508676,6208222389,73097.77000000,0.00007000,SELL,true,
1775950508676,6208222390,73097.48000000,0.00007000,SELL,true,
1775950508676,6208222391,73097.44000000,0.00007000,SELL,true,
1775950508676,6208222392,73097.00000000,0.00234000,SELL,true,
1775950508676,6208222393,73096.76000000,0.00007000,SELL,true,
1775950508676,6208222394,73096.76000000,0.00007000,SELL,true,
1775950508676,6208222395,73096.71000000,0.00007000,SELL,true,
1775950508676,6208222396,73096.00000000,0.00040000,SELL,true,
1775950508676,6208222397,73096.00000000,0.00040000,SELL,true,
1775950508676,6208222398,73096.00000000,0.00040000,SELL,true,
1775950508676,6208222399,73095.95000000,0.00083000,SELL,true,
1775950508676,6208222400,73095.84000000,0.00008000,SELL,true,
1775950508676,6208222401,73095.24000000,0.00007000,SELL,true,
1775950508676,6208222402,73094.00000000,0.00040000,SELL,true,
1775950508676,6208222403,73094.00000000,0.00040000,SELL,true,
1775950508676,6208222404,73094.00000000,0.00040000,SELL,true,
1775950508676,6208222405,73093.92000000,0.00007000,SELL,true,
1775950508676,6208222406,73093.91000000,0.00011000,SELL,true,
1775950508676,6208222407,73093.84000000,0.00008000,SELL,true,
1775950508676,6208222408,73093.84000000,0.00008000,SELL,true,
1775950508676,6208222409,73093.84000000,0.00008000,SELL,true,
1775950508676,6208222410,73093.83000000,0.16889000,SELL,true,LARGE
1775950508676,6208222411,73093.83000000,0.00007000,SELL,true,
1775950508676,6208222412,73093.83000000,0.00007000,SELL,true,
1775950508676,6208222413,73093.68000000,0.00007000,SELL,true,
1775950508676,6208222414,73093.68000000,0.00007000,SELL,true,
1775950508676,6208222415,73093.41000000,0.00350000,SELL,true,
1775950508676,6208222416,73093.23000000,0.00029000,SELL,true,
1775950508676,6208222417,73093.08000000,0.00008000,SELL,true,
1775950508676,6208222418,73092.58000000,0.00008000,SELL,true,
1775950508676,6208222419,73092.58000000,0.00008000,SELL,true,
1775950508676,6208222420,73092.58000000,0.00008000,SELL,true,
1775950508676,6208222421,73092.57000000,0.00008000,SELL,true,
1775950508676,6208222422,73092.57000000,0.00008000,SELL,true,
1775950508676,6208222423,73092.57000000,0.17822000,SELL,true,LARGE
1775950508676,6208222424,73092.57000000,0.00008000,SELL,true,
1775950508676,6208222425,73092.56000000,0.08560000,SELL,true,LARGE
1775950508676,6208222426,73092.56000000,0.00008000,SELL,true,
1775950508676,6208222427,73092.54000000,0.00008000,SELL,true,
1775950508676,6208222428,73092.54000000,0.00008000,SELL,true,
1775950508676,6208222429,73092.54000000,0.00008000,SELL,true,
1775950508676,6208222430,73092.53000000,0.11521000,SELL,true,LARGE
1775950508676,6208222431,73092.53000000,0.07569000,SELL,true,LARGE
1775950508683,6208222432,73092.54000000,0.00059000,BUY,false,
1775950508690,6208222433,73092.54000000,0.00246000,BUY,false,
1775950508696,6208222434,73092.54000000,0.00059000,BUY,false,
1775950508703,6208222435,73092.54000000,0.00097000,BUY,false,
1775950508709,6208222436,73092.54000000,0.00074000,BUY,false,
1775950508716,6208222437,73092.54000000,0.00052000,BUY,false,
1775950508720,6208222438,73092.54000000,0.00052000,BUY,false,
1775950508727,6208222439,73092.54000000,0.00044000,BUY,false,
1775950508733,6208222440,73092.54000000,0.00052000,BUY,false,
1775950508740,6208222441,73092.54000000,0.00059000,BUY,false,
1775950508746,6208222442,73092.54000000,0.00052000,BUY,false,
1775950508752,6208222443,73092.54000000,0.00052000,BUY,false,
1775950508758,6208222444,73092.54000000,0.00052000,BUY,false,
1775950508764,6208222445,73092.54000000,0.00059000,BUY,false,
1775950508771,6208222446,73092.54000000,0.00052000,BUY,false,
1775950508777,6208222447,73092.54000000,0.00059000,BUY,false,
1775950508783,6208222448,73092.54000000,0.00044000,BUY,false,
1775950508789,6208222449,73092.54000000,0.00059000,BUY,false,
1775950508794,6208222450,73092.54000000,0.00052000,BUY,false,
1775950508801,6208222451,73092.54000000,0.00059000,BUY,false,
1775950508809,6208222452,73092.54000000,0.00067000,BUY,false,
1775950508816,6208222453,73092.54000000,0.00044000,BUY,false,
1775950508822,6208222454,73092.54000000,0.00059000,BUY,false,
1775950508828,6208222455,73092.54000000,0.00044000,BUY,false,
1775950508836,6208222456,73092.54000000,0.00059000,BUY,false,
1775950508843,6208222457,73092.54000000,0.00039000,BUY,false,
1775950508850,6208222458,73092.54000000,0.00067000,BUY,false,
1775950508857,6208222459,73092.54000000,0.00052000,BUY,false,
1775950508972,6208222460,73092.54000000,0.00027000,BUY,false,
1775950508982,6208222461,73092.54000000,0.00027000,BUY,false,
1775950509196,6208222462,73092.54000000,0.00075000,BUY,false,
1775950509575,6208222463,73092.53000000,0.00007000,SELL,true,
1775950509575,6208222464,73092.53000000,0.00008000,SELL,true,
1775950509575,6208222465,73092.53000000,0.00007000,SELL,true,
1775950509575,6208222466,73092.53000000,0.00007000,SELL,true,
1775950509575,6208222467,73092.53000000,0.00014000,SELL,true,
1775950509575,6208222468,73092.53000000,0.00091000,SELL,true,
1775950510647,6208222469,73092.54000000,0.00514000,BUY,false,
1775950511596,6208222470,73092.53000000,0.00027000,SELL,true,
1775950513087,6208222471,73092.54000000,0.00147000,BUY,false,
1775950514128,6208222472,73092.54000000,0.00012000,BUY,false,
1775950515244,6208222473,73092.53000000,0.00248000,SELL,true,
1775950515612,6208222474,73092.53000000,0.00248000,SELL,true,
1775950515698,6208222475,73092.53000000,0.00031000,SELL,true,
1775950515845,6208222476,73092.53000000,0.00079000,SELL,true,
1775950517680,6208222477,73092.54000000,0.00026000,BUY,false,
1775950517766,6208222478,73092.53000000,0.00075000,SELL,true,
1775950519290,6208222479,73092.53000000,0.00009000,SELL,true,
1775950519396,6208222480,73092.54000000,0.00030000,BUY,false,
1775950519770,6208222481,73092.54000000,0.00849000,BUY,false,
1775950519775,6208222482,73092.54000000,0.00137000,BUY,false,
1775950519985,6208222483,73092.53000000,0.00094000,SELL,true,
1775950522265,6208222484,73092.54000000,0.00014000,BUY,false,
1775950522265,6208222485,73092.54000000,0.00007000,BUY,false,
1775950522265,6208222486,73092.54000000,0.00007000,BUY,false,
1775950522265,6208222487,73092.54000000,0.00014000,BUY,false,
1775950522265,6208222488,73092.54000000,0.00008000,BUY,false,
1775950522265,6208222489,73092.54000000,0.00007000,BUY,false,
1775950522265,6208222490,73092.54000000,0.00047000,BUY,false,
1775950522265,6208222491,73092.54000000,0.00068000,BUY,false,
1775950522265,6208222492,73092.54000000,0.00173000,BUY,false,
1775950523238,6208222493,73092.53000000,0.00395000,SELL,true,
1775950523238,6208222494,73092.53000000,0.00334000,SELL,true,
1775950523504,6208222495,73092.53000000,0.07651000,SELL,true,LARGE
1775950524365,6208222496,73092.54000000,0.01327000,BUY,false,
1775950524365,6208222497,73092.54000000,0.00007000,BUY,false,
1775950524365,6208222498,73092.54000000,0.00008000,BUY,false,
1775950524365,6208222499,73092.54000000,0.00008000,BUY,false,
1775950524365,6208222500,73092.54000000,0.00008000,BUY,false,
1775950524365,6208222501,73092.54000000,0.00484000,BUY,false,
1775950524365,6208222502,73092.54000000,0.00008000,BUY,false,
1775950524365,6208222503,73092.54000000,0.00008000,BUY,false,
1775950524365,6208222504,73092.54000000,0.00008000,BUY,false,
1775950524365,6208222505,73092.54000000,0.00008000,BUY,false,
1775950524365,6208222506,73092.54000000,0.04073000,BUY,false,LARGE
1775950524539,6208222507,73092.53000000,0.03642000,SELL,true,LARGE
1775950524539,6208222508,73092.53000000,0.02305000,SELL,true,
1775950525056,6208222509,73092.54000000,0.00191000,BUY,false,
1775950525951,6208222510,73092.53000000,0.01207000,SELL,true,
1775950527034,6208222511,73092.54000000,0.00185000,BUY,false,
1775950527659,6208222512,73092.54000000,0.02000000,BUY,false,
1775950528325,6208222513,73092.54000000,0.00007000,BUY,false,
1775950528325,6208222514,73092.54000000,0.00007000,BUY,false,
1775950528325,6208222515,73092.54000000,0.00007000,BUY,false,
1775950528325,6208222516,73092.54000000,0.00004000,BUY,false,
1775950528485,6208222517,73092.53000000,0.00010000,SELL,true,
1775950529139,6208222518,73092.54000000,0.00010000,BUY,false,
1775950529139,6208222519,73092.54000000,0.00005000,BUY,false,
1775950529706,6208222520,73092.54000000,0.00002000,BUY,false,
1775950529706,6208222521,73092.54000000,0.00025000,BUY,false,
1775950530396,6208222522,73092.54000000,0.00059000,BUY,false,
1775950530630,6208222523,73092.54000000,0.00248000,BUY,false,
1775950530630,6208222524,73092.54000000,0.00242000,BUY,false,
1775950530630,6208222525,73092.54000000,0.00008000,BUY,false,
1775950530630,6208222526,73092.54000000,0.00008000,BUY,false,
1775950530630,6208222527,73092.54000000,0.03960000,BUY,false,LARGE
1775950530630,6208222528,73092.54000000,0.01540000,BUY,false,
1775950530630,6208222529,73092.54000000,0.00007000,BUY,false,
1775950530630,6208222530,73092.54000000,0.00007000,BUY,false,
1775950530630,6208222531,73092.54000000,0.00007000,BUY,false,
1775950530630,6208222532,73092.54000000,0.00008000,BUY,false,
1775950530630,6208222533,73092.54000000,0.15855000,BUY,false,LARGE
1775950531296,6208222534,73092.54000000,0.00153000,BUY,false,
1775950531714,6208222535,73092.54000000,0.00008000,BUY,false,
1775950531714,6208222536,73092.54000000,0.00008000,BUY,false,
1775950531714,6208222537,73092.54000000,0.00014000,BUY,false,
1775950531714,6208222538,73092.54000000,0.00007000,BUY,false,
1775950531714,6208222539,73092.54000000,0.00007000,BUY,false,
1775950531714,6208222540,73092.54000000,0.00007000,BUY,false,
1775950531714,6208222541,73092.54000000,0.00007000,BUY,false,
1775950531714,6208222542,73092.54000000,0.00008000,BUY,false,
1775950531714,6208222543,73092.54000000,0.00008000,BUY,false,
1775950531714,6208222544,73092.54000000,0.00008000,BUY,false,
1775950531714,6208222545,73092.54000000,0.00007000,BUY,false,
1775950531714,6208222546,73092.54000000,0.00046000,BUY,false,
1775950531714,6208222547,73092.54000000,0.00087000,BUY,false,
1775950531714,6208222548,73092.54000000,0.00007000,BUY,false,
1775950531714,6208222549,73092.54000000,0.00008000,BUY,false,
1775950531714,6208222550,73092.54000000,0.00007000,BUY,false,
1775950531714,6208222551,73092.54000000,0.00008000,BUY,false,
1775950531714,6208222552,73092.54000000,0.00007000,BUY,false,
1775950531714,6208222553,73092.54000000,0.00008000,BUY,false,
1775950531714,6208222554,73092.54000000,0.00003000,BUY,false,
1775950531716,6208222555,73092.54000000,0.00005000,BUY,false,
1775950531716,6208222556,73092.54000000,0.00007000,BUY,false,
1775950531716,6208222557,73092.54000000,0.00007000,BUY,false,
1775950531716,6208222558,73092.54000000,0.00007000,BUY,false,
1775950531716,6208222559,73092.54000000,0.00007000,BUY,false,
1775950531716,6208222560,73092.54000000,0.00007000,BUY,false,
1775950531716,6208222561,73092.54000000,0.00007000,BUY,false,
1775950531716,6208222562,73092.54000000,0.00007000,BUY,false,
1775950531716,6208222563,73092.54000000,0.00006000,BUY,false,
1775950531716,6208222564,73092.54000000,0.00001000,BUY,false,
1775950531716,6208222565,73092.54000000,0.00008000,BUY,false,
1775950531716,6208222566,73092.54000000,0.00014000,BUY,false,
1775950531716,6208222567,73092.54000000,0.00008000,BUY,false,
1775950531716,6208222568,73092.54000000,0.00008000,BUY,false,
1775950531716,6208222569,73092.54000000,0.00007000,BUY,false,
1775950531716,6208222570,73092.54000000,0.00007000,BUY,false,
1775950531716,6208222571,73092.55000000,0.00008000,BUY,false,
1775950531716,6208222572,73092.55000000,0.00008000,BUY,false,
1775950531716,6208222573,73092.55000000,0.00008000,BUY,false,
1775950531716,6208222574,73092.55000000,0.00008000,BUY,false,
1775950531716,6208222575,73092.60000000,0.00007000,BUY,false,
1775950531716,6208222576,73092.60000000,0.00007000,BUY,false,
1775950531716,6208222577,73092.60000000,0.00007000,BUY,false,
1775950531716,6208222578,73092.60000000,0.00007000,BUY,false,
1775950531716,6208222579,73092.60000000,0.00007000,BUY,false,
1775950531716,6208222580,73092.60000000,0.00007000,BUY,false,
1775950531716,6208222581,73092.60000000,0.00007000,BUY,false,
1775950531716,6208222582,73092.60000000,0.00001000,BUY,false,
1775950531719,6208222583,73092.60000000,0.00006000,BUY,false,
1775950531719,6208222584,73092.60000000,0.00007000,BUY,false,
1775950531719,6208222585,73092.60000000,0.00014000,BUY,false,
1775950531719,6208222586,73092.60000000,0.00008000,BUY,false,
1775950531719,6208222587,73092.60000000,0.00008000,BUY,false,
1775950531719,6208222588,73092.60000000,0.00004000,BUY,false,
1775950531720,6208222589,73092.60000000,0.00004000,BUY,false,
1775950531720,6208222590,73092.60000000,0.00007000,BUY,false,
1775950531720,6208222591,73092.60000000,0.00007000,BUY,false,
1775950531720,6208222592,73092.60000000,0.00007000,BUY,false,
1775950531721,6208222593,73092.61000000,0.00008000,BUY,false,
1775950531721,6208222594,73092.61000000,0.00008000,BUY,false,
1775950531721,6208222595,73092.61000000,0.00008000,BUY,false,
1775950531721,6208222596,73092.61000000,0.00008000,BUY,false,
1775950531721,6208222597,73093.00000000,0.00118000,BUY,false,
1775950531721,6208222598,73093.00000000,0.00007000,BUY,false,
1775950531721,6208222599,73093.00000000,0.00007000,BUY,false,
1775950531721,6208222600,73093.92000000,0.00007000,BUY,false,
1775950531721,6208222601,73094.75000000,0.00007000,BUY,false,
1775950531721,6208222602,73094.75000000,0.00007000,BUY,false,
1775950531721,6208222603,73096.00000000,0.00040000,BUY,false,
1775950531721,6208222604,73096.53000000,0.00007000,BUY,false,
1775950531721,6208222605,73096.53000000,0.00007000,BUY,false,
1775950531721,6208222606,73096.53000000,0.00007000,BUY,false,
1775950531721,6208222607,73096.53000000,0.00007000,BUY,false,
1775950531721,6208222608,73096.87000000,0.00008000,BUY,false,
1775950531721,6208222609,73096.87000000,0.00008000,BUY,false,
1775950531721,6208222610,73096.87000000,0.00008000,BUY,false,
1775950531726,6208222611,73096.88000000,0.00008000,BUY,false,
1775950531726,6208222612,73096.88000000,0.00008000,BUY,false,
1775950531726,6208222613,73096.88000000,0.00007000,BUY,false,
1775950531726,6208222614,73096.88000000,0.00007000,BUY,false,
1775950531726,6208222615,73096.88000000,0.00007000,BUY,false,
1775950531726,6208222616,73096.88000000,0.00008000,BUY,false,
1775950531726,6208222617,73096.88000000,0.00012000,BUY,false,
1775950531761,6208222618,73096.88000000,0.00002000,BUY,false,
1775950531761,6208222619,73096.88000000,0.00008000,BUY,false,
1775950531761,6208222620,73096.88000000,0.00008000,BUY,false,
1775950531761,6208222621,73096.88000000,0.00008000,BUY,false,
1775950531761,6208222622,73096.88000000,0.00008000,BUY,false,
1775950531761,6208222623,73096.88000000,0.00008000,BUY,false,
1775950531761,6208222624,73096.88000000,0.00008000,BUY,false,
1775950531761,6208222625,73096.88000000,0.00008000,BUY,false,
1775950531761,6208222626,73096.88000000,0.00008000,BUY,false,
1775950531761,6208222627,73096.88000000,0.00008000,BUY,false,
1775950531761,6208222628,73096.88000000,0.00008000,BUY,false,
1775950531761,6208222629,73096.88000000,0.00008000,BUY,false,
1775950531761,6208222630,73096.88000000,0.00008000,BUY,false,
1775950531761,6208222631,73096.88000000,0.00008000,BUY,false,
1775950531761,6208222632,73096.88000000,0.00008000,BUY,false,
1775950531761,6208222633,73096.88000000,0.00014000,BUY,false,
1775950531761,6208222634,73096.88000000,0.00008000,BUY,false,
1775950531761,6208222635,73096.88000000,0.00007000,BUY,false,
1775950531761,6208222636,73096.88000000,0.00007000,BUY,false,
1775950531761,6208222637,73096.88000000,0.00008000,BUY,false,
1775950531761,6208222638,73096.88000000,0.00006000,BUY,false,
1775950531846,6208222639,73096.88000000,0.00002000,BUY,false,
1775950531846,6208222640,73096.88000000,0.00008000,BUY,false,
1775950531846,6208222641,73096.88000000,0.00007000,BUY,false,
1775950531846,6208222642,73096.88000000,0.00008000,BUY,false,
1775950531846,6208222643,73096.88000000,0.00014000,BUY,false,
1775950531846,6208222644,73096.88000000,0.00008000,BUY,false,
1775950531846,6208222645,73096.88000000,0.00008000,BUY,false,
1775950531846,6208222646,73096.88000000,0.00008000,BUY,false,
1775950531846,6208222647,73096.88000000,0.00008000,BUY,false,
1775950531857,6208222648,73096.88000000,0.00007000,BUY,false,
1775950531857,6208222649,73096.88000000,0.00008000,BUY,false,
1775950531857,6208222650,73096.88000000,0.00014000,BUY,false,
1775950531857,6208222651,73096.88000000,0.00008000,BUY,false,
1775950531857,6208222652,73096.88000000,0.00008000,BUY,false,
1775950531857,6208222653,73096.88000000,0.00008000,BUY,false,
1775950531857,6208222654,73096.88000000,0.00008000,BUY,false,
1775950531857,6208222655,73096.88000000,0.00008000,BUY,false,
1775950531866,6208222656,73096.89000000,0.00008000,BUY,false,
1775950531866,6208222657,73096.89000000,0.00008000,BUY,false,
1775950531866,6208222658,73096.89000000,0.00008000,BUY,false,
1775950531866,6208222659,73096.89000000,0.00008000,BUY,false,
1775950531866,6208222660,73096.89000000,0.00008000,BUY,false,
1775950531866,6208222661,73096.89000000,0.00007000,BUY,false,
1775950531866,6208222662,73096.89000000,0.00014000,BUY,false,
1775950531866,6208222663,73096.89000000,0.00008000,BUY,false,
1775950531866,6208222664,73096.89000000,0.00008000,BUY,false,
1775950531866,6208222665,73096.89000000,0.00008000,BUY,false,
1775950531866,6208222666,73096.89000000,0.00008000,BUY,false,
1775950531866,6208222667,73096.89000000,0.00008000,BUY,false,
1775950531866,6208222668,73096.89000000,0.00007000,BUY,false,
1775950531866,6208222669,73096.89000000,0.00001000,BUY,false,
1775950531867,6208222670,73096.89000000,0.00006000,BUY,false,
1775950531867,6208222671,73096.89000000,0.00008000,BUY,false,
1775950531867,6208222672,73096.89000000,0.00007000,BUY,false,
1775950531867,6208222673,73096.89000000,0.00007000,BUY,false,
1775950531867,6208222674,73096.89000000,0.00014000,BUY,false,
1775950531867,6208222675,73096.89000000,0.00008000,BUY,false,
1775950531867,6208222676,73096.89000000,0.00008000,BUY,false,
1775950531867,6208222677,73096.89000000,0.00008000,BUY,false,
1775950531867,6208222678,73096.89000000,0.00007000,BUY,false,
1775950531867,6208222679,73096.90000000,0.00008000,BUY,false,
1775950531867,6208222680,73096.90000000,0.00008000,BUY,false,
1775950531867,6208222681,73096.90000000,0.00008000,BUY,false,
1775950531867,6208222682,73096.90000000,0.00008000,BUY,false,
1775950531867,6208222683,73096.90000000,0.00008000,BUY,false,
1775950531867,6208222684,73096.90000000,0.00008000,BUY,false,
1775950531867,6208222685,73096.90000000,0.00008000,BUY,false,
1775950531867,6208222686,73097.42000000,0.00053000,BUY,false,LARGE
1775950531867,6208222687,73097.43000000,0.00007000,BUY,false,
1775950531867,6208222688,73097.48000000,0.00007000,BUY,false,
1775950531867,6208222689,73098.00000000,0.00040000,BUY,false,LARGE
1775950531867,6208222690,73098.00000000,0.00040000,BUY,false,LARGE
1775950531867,6208222691,73098.25000000,0.00007000,BUY,false,
1775950531867,6208222692,73098.59000000,0.00007000,BUY,false,
1775950531867,6208222693,73098.59000000,0.00007000,BUY,false,
1775950531867,6208222694,73098.59000000,0.00007000,BUY,false,
1775950531867,6208222695,73098.59000000,0.00007000,BUY,false,
1775950531867,6208222696,73098.59000000,0.00007000,BUY,false,
1775950531867,6208222697,73098.60000000,0.00008000,BUY,false,
1775950531867,6208222698,73098.61000000,0.00007000,BUY,false,
1775950531867,6208222699,73098.61000000,0.00007000,BUY,false,
1775950531867,6208222700,73098.61000000,0.00007000,BUY,false,
1775950531867,6208222701,73098.61000000,0.00007000,BUY,false,
1775950531867,6208222702,73098.61000000,0.00007000,BUY,false,
1775950531867,6208222703,73099.09000000,0.00007000,BUY,false,
1775950531867,6208222704,73099.09000000,0.00007000,BUY,false,
1775950531867,6208222705,73099.09000000,0.00007000,BUY,false,
1775950531867,6208222706,73099.09000000,0.00007000,BUY,false,
1775950531867,6208222707,73099.09000000,0.00007000,BUY,false,
1775950531867,6208222708,73099.10000000,0.00007000,BUY,false,
1775950531867,6208222709,73099.10000000,0.00007000,BUY,false,
1775950531867,6208222710,73099.59000000,0.00007000,BUY,false,
1775950531867,6208222711,73099.59000000,0.00007000,BUY,false,
1775950531867,6208222712,73099.84000000,0.00007000,BUY,false,
1775950531867,6208222713,73099.84000000,0.00007000,BUY,false,
1775950531867,6208222714,73099.85000000,0.00300000,BUY,false,LARGE
1775950531867,6208222715,73100.00000000,0.00040000,BUY,false,LARGE
1775950531867,6208222716,73100.00000000,0.00040000,BUY,false,LARGE
1775950531867,6208222717,73100.00000000,0.00040000,BUY,false,LARGE
1775950531867,6208222718,73100.07000000,0.00007000,BUY,false,
1775950531867,6208222719,73100.07000000,0.00007000,BUY,false,
1775950531867,6208222720,73100.37000000,0.00007000,BUY,false,
1775950531867,6208222721,73100.60000000,0.00007000,BUY,false,
1775950531867,6208222722,73100.60000000,0.00007000,BUY,false,
1775950531867,6208222723,73100.60000000,0.00007000,BUY,false,
1775950531867,6208222724,73100.60000000,0.00007000,BUY,false,
1775950531867,6208222725,73100.60000000,0.00007000,BUY,false,
1775950533450,6208222726,73100.80000000,0.00073000,BUY,false,LARGE
1775950533654,6208222727,73100.79000000,0.00422000,SELL,true,LARGE
1775950534845,6208222728,73100.79000000,0.00019000,SELL,true,
1775950535596,6208222729,73100.79000000,0.01590000,SELL,true,LARGE
1775950535749,6208222730,73100.80000000,0.00277000,BUY,false,LARGE
1775950535749,6208222731,73100.80000000,0.00007000,BUY,false,
1775950535749,6208222732,73100.80000000,0.00014000,BUY,false,
1775950535749,6208222733,73100.80000000,0.00007000,BUY,false,
1775950535749,6208222734,73100.80000000,0.00008000,BUY,false,
1775950535749,6208222735,73100.80000000,0.00835000,BUY,false,LARGE
1775950536398,6208222736,73100.80000000,0.00013000,BUY,false,
1775950539064,6208222737,73100.80000000,0.07218000,BUY,false,LARGE
1775950539139,6208222738,73100.80000000,0.00015000,BUY,false,
1775950539190,6208222739,73100.79000000,0.00014000,SELL,true,
1775950539190,6208222740,73100.79000000,0.00014000,SELL,true,
1775950539190,6208222741,73100.79000000,0.00014000,SELL,true,
1775950539190,6208222742,73100.79000000,0.00014000,SELL,true,
1775950539190,6208222743,73100.79000000,0.00002000,SELL,true,
1775950541280,6208222744,73100.79000000,0.00005000,SELL,true,
1775950541280,6208222745,73100.79000000,0.00071000,SELL,true,
1775950541280,6208222746,73100.79000000,0.00484000,SELL,true,LARGE
1775950543758,6208222747,73100.79000000,0.00108000,SELL,true,
1775950543758,6208222748,73100.79000000,0.00007000,SELL,true,
1775950543758,6208222749,73100.79000000,0.00007000,SELL,true,
1775950543758,6208222750,73100.79000000,0.00189000,SELL,true,
1775950543922,6208222751,73100.80000000,0.00012000,BUY,false,
1775950546632,6208222752,73100.80000000,0.00058000,BUY,false,
1775950546834,6208222753,73100.79000000,0.00008000,SELL,true,
1775950546834,6208222754,73100.79000000,0.00001000,SELL,true,
1775950549798,6208222755,73100.79000000,0.00014000,SELL,true,
1775950549798,6208222756,73100.79000000,0.00007000,SELL,true,
1775950549798,6208222757,73100.79000000,0.00008000,SELL,true,
1775950549798,6208222758,73100.79000000,0.00021000,SELL,true,
1775950551901,6208222759,73100.80000000,0.00007000,BUY,false,
1775950551901,6208222760,73100.80000000,0.01461000,BUY,false,LARGE
1775950551946,6208222761,73100.79000000,0.00013000,SELL,true,
1775950552665,6208222762,73100.80000000,0.00007000,BUY,false,
1775950552665,6208222763,73100.80000000,0.00007000,BUY,false,
1775950552665,6208222764,73100.80000000,0.00007000,BUY,false,
1775950552665,6208222765,73100.80000000,0.00007000,BUY,false,
1775950552665,6208222766,73100.80000000,0.00014000,BUY,false,
1775950552665,6208222767,73100.80000000,0.00008000,BUY,false,
1775950552665,6208222768,73100.80000000,0.00238000,BUY,false,
1775950552665,6208222769,73100.80000000,0.00008000,BUY,false,
1775950552665,6208222770,73100.80000000,0.00008000,BUY,false,
1775950552665,6208222771,73100.80000000,0.00008000,BUY,false,
1775950552665,6208222772,73100.80000000,0.00008000,BUY,false,
1775950552665,6208222773,73100.80000000,0.00007000,BUY,false,
1775950552665,6208222774,73100.80000000,0.00007000,BUY,false,
1775950552665,6208222775,73100.80000000,0.00007000,BUY,false,
1775950552665,6208222776,73100.80000000,0.00007000,BUY,false,
1775950552665,6208222777,73100.80000000,0.00008000,BUY,false,
1775950552665,6208222778,73100.80000000,0.00007000,BUY,false,
1775950552665,6208222779,73100.80000000,0.00007000,BUY,false,
1775950552665,6208222780,73100.80000000,0.00005000,BUY,false,
1775950552665,6208222781,73100.80000000,0.00007000,BUY,false,
1775950552665,6208222782,73100.80000000,0.00007000,BUY,false,
1775950552665,6208222783,73100.80000000,0.00007000,BUY,false,
1775950552665,6208222784,73100.80000000,0.00007000,BUY,false,
1775950552665,6208222785,73100.80000000,0.00007000,BUY,false,
1775950552665,6208222786,73100.80000000,0.00007000,BUY,false,
1775950552665,6208222787,73100.80000000,0.00007000,BUY,false,
1775950552665,6208222788,73100.80000000,0.00007000,BUY,false,
1775950552665,6208222789,73100.80000000,0.00007000,BUY,false,
1775950552665,6208222790,73100.80000000,0.00007000,BUY,false,
1775950552665,6208222791,73100.80000000,0.00007000,BUY,false,
1775950552665,6208222792,73100.80000000,0.00007000,BUY,false,
1775950552665,6208222793,73100.80000000,0.00007000,BUY,false,
1775950552665,6208222794,73100.81000000,0.00008000,BUY,false,
1775950552665,6208222795,73100.81000000,0.00022000,BUY,false,
1775950552665,6208222796,73100.81000000,0.00008000,BUY,false,
1775950552665,6208222797,73100.81000000,0.00008000,BUY,false,
1775950552665,6208222798,73100.81000000,0.00008000,BUY,false,
1775950552665,6208222799,73100.81000000,0.00008000,BUY,false,
1775950552665,6208222800,73100.81000000,0.00008000,BUY,false,
1775950552665,6208222801,73100.81000000,0.00008000,BUY,false,
1775950552665,6208222802,73101.00000000,0.00023000,BUY,false,
1775950552665,6208222803,73101.04000000,0.00007000,BUY,false,
1775950552665,6208222804,73101.36000000,0.00008000,BUY,false,
1775950552665,6208222805,73101.46000000,0.00007000,BUY,false,
1775950552665,6208222806,73102.00000000,0.00040000,BUY,false,
1775950552665,6208222807,73102.00000000,0.00040000,BUY,false,
1775950552665,6208222808,73102.00000000,0.00040000,BUY,false,
1775950552665,6208222809,73102.57000000,0.00007000,BUY,false,
1775950552665,6208222810,73103.26000000,0.00083000,BUY,false,
1775950552665,6208222811,73103.73000000,0.00234000,BUY,false,
1775950552665,6208222812,73104.00000000,0.00040000,BUY,false,
1775950552665,6208222813,73104.00000000,0.00040000,BUY,false,
1775950552665,6208222814,73104.00000000,0.00040000,BUY,false,
1775950552665,6208222815,73104.04000000,0.00007000,BUY,false,
1775950552665,6208222816,73104.12000000,0.00008000,BUY,false,
1775950552665,6208222817,73104.60000000,0.00007000,BUY,false,
1775950552665,6208222818,73104.68000000,0.00007000,BUY,false,
1775950552665,6208222819,73105.85000000,0.00008000,BUY,false,
1775950552665,6208222820,73105.85000000,0.00008000,BUY,false,
1775950552665,6208222821,73105.85000000,0.00008000,BUY,false,
1775950552696,6208222822,73105.85000000,0.00136000,SELL,true,
1775950553403,6208222823,73105.86000000,0.00011000,BUY,false,
1775950553596,6208222824,73105.85000000,0.00459000,SELL,true,LARGE
1775950554244,6208222825,73105.85000000,0.00146000,SELL,true,
1775950554879,6208222826,73105.85000000,0.00200000,SELL,true,
1775950555138,6208222827,73105.86000000,0.00874000,BUY,false,LARGE
1775950555481,6208222828,73105.85000000,0.00068000,SELL,true,
1775950556201,6208222829,73105.86000000,0.00338000,BUY,false,
1775950558853,6208222830,73105.85000000,0.00101000,SELL,true,
1775950558873,6208222831,73105.85000000,0.00134000,SELL,true,
1775950560884,6208222832,73105.86000000,0.00374000,BUY,false,
1775950561394,6208222833,73105.85000000,0.00069000,SELL,true,
1775950561593,6208222834,73105.86000000,0.00009000,BUY,false,
1775950562151,6208222835,73105.85000000,0.00007000,SELL,true,
1775950562151,6208222836,73105.85000000,0.00014000,SELL,true,
1775950562151,6208222837,73105.85000000,0.00014000,SELL,true,
1775950562151,6208222838,73105.85000000,0.00014000,SELL,true,
1775950562151,6208222839,73105.85000000,0.00014000,SELL,true,
1775950562151,6208222840,73105.85000000,0.00014000,SELL,true,
1775950562151,6208222841,73105.85000000,0.00069000,SELL,true,
1775950562151,6208222842,73105.85000000,0.00007000,SELL,true,
1775950562151,6208222843,73105.85000000,0.00048000,SELL,true,
1775950562151,6208222844,73105.85000000,0.00034000,SELL,true,
1775950563551,6208222845,73105.86000000,0.00719000,BUY,false,LARGE
1775950563587,6208222846,73105.85000000,0.00027000,SELL,true,
1775950565106,6208222847,73105.85000000,0.00613000,SELL,true,LARGE
1775950565140,6208222848,73105.86000000,0.00009000,BUY,false,
1775950565891,6208222849,73105.85000000,0.00008000,SELL,true,
1775950565891,6208222850,73105.85000000,0.00016000,SELL,true,
1775950565891,6208222851,73105.85000000,0.00011000,SELL,true,
1775950565891,6208222852,73105.85000000,0.00008000,SELL,true,
1775950565891,6208222853,73105.85000000,0.00008000,SELL,true,
1775950565891,6208222854,73105.85000000,0.00135000,SELL,true,
1775950566784,6208222855,73105.85000000,0.00015000,SELL,true,
1775950568601,6208222856,73105.86000000,0.00140000,BUY,false,
1775950569224,6208222857,73105.85000000,0.00053000,SELL,true,
1775950569833,6208222858,73105.85000000,0.00204000,SELL,true,
1775950572313,6208222859,73105.85000000,0.00984000,SELL,true,LARGE
1775950572604,6208222860,73105.85000000,0.00010000,SELL,true,
1775950574230,6208222861,73105.86000000,0.00043000,BUY,false,
1775950574450,6208222862,73105.85000000,0.00139000,SELL,true,
1775950574450,6208222863,73105.85000000,0.00386000,SELL,true,LARGE
1775950575922,6208222864,73105.86000000,0.00012000,BUY,false,
1775950576301,6208222865,73105.86000000,0.00034000,BUY,false,
1775950576471,6208222866,73105.86000000,0.00009000,BUY,false,
1775950576496,6208222867,73105.86000000,0.00014000,BUY,false,
1775950576995,6208222868,73105.86000000,0.00014000,BUY,false,
1775950577085,6208222869,73105.86000000,0.00011000,BUY,false,
1775950577185,6208222870,73105.85000000,0.00079000,SELL,true,
1775950577198,6208222871,73105.86000000,0.00014000,BUY,false,
1775950577496,6208222872,73105.86000000,0.00028000,BUY,false,
1775950577891,6208222873,73105.86000000,0.00014000,BUY,false,
1775950578024,6208222874,73105.85000000,0.00034000,SELL,true,
1775950578082,6208222875,73105.86000000,0.00028000,BUY,false,
1775950578590,6208222876,73105.86000000,0.00035000,BUY,false,
1775950578795,6208222877,73105.86000000,0.00017000,BUY,false,
1775950578830,6208222878,73105.86000000,0.00010000,BUY,false,
1775950578936,6208222879,73105.86000000,0.00010000,BUY,false,
1775950578975,6208222880,73105.86000000,0.00014000,BUY,false,
1775950579139,6208222881,73105.86000000,0.00021000,BUY,false,
1775950579594,6208222882,73105.85000000,0.02475000,SELL,true,LARGE
1775950579667,6208222883,73105.86000000,0.00013000,BUY,false,
1775950579680,6208222884,73105.86000000,0.00028000,BUY,false,
1775950579880,6208222885,73105.86000000,0.00013000,BUY,false,
1775950580034,6208222886,73105.86000000,0.00011000,BUY,false,
1775950580435,6208222887,73105.86000000,0.00028000,BUY,false,
1775950580784,6208222888,73105.86000000,0.00069000,BUY,false,
1775950580869,6208222889,73105.86000000,0.00058000,BUY,false,
1775950580870,6208222890,73105.86000000,0.00096000,BUY,false,
1775950580975,6208222891,73105.86000000,0.00042000,BUY,false,
1775950581545,6208222892,73105.86000000,0.00028000,BUY,false,
1775950581595,6208222893,73105.86000000,0.00017000,BUY,false,
1775950581744,6208222894,73105.86000000,0.00027000,BUY,false,
1775950581796,6208222895,73105.86000000,0.00048000,BUY,false,
1775950581996,6208222896,73105.86000000,0.00017000,BUY,false,
1775950582309,6208222897,73105.86000000,0.00580000,BUY,false,LARGE
1775950582615,6208222898,73105.85000000,0.00018000,SELL,true,
1775950583023,6208222899,73105.85000000,0.00143000,SELL,true,
1775950583315,6208222900,73105.86000000,0.00013000,BUY,false,
1775950584511,6208222901,73105.86000000,0.00113000,BUY,false,
1775950584705,6208222902,73105.86000000,0.00036000,BUY,false,
1775950584705,6208222903,73105.86000000,0.00036000,BUY,false,
1775950584706,6208222904,73105.86000000,0.00055000,BUY,false,
1775950584706,6208222905,73105.86000000,0.00055000,BUY,false,
1775950584706,6208222906,73105.86000000,0.00055000,BUY,false,
1775950584706,6208222907,73105.86000000,0.00055000,BUY,false,
1775950584707,6208222908,73105.86000000,0.00069000,BUY,false,
1775950585526,6208222909,73105.85000000,0.00040000,SELL,true,
1775950585725,6208222910,73105.86000000,0.00202000,BUY,false,
1775950586208,6208222911,73105.85000000,0.00785000,SELL,true,LARGE
1775950586208,6208222912,73105.85000000,0.00008000,SELL,true,
1775950586208,6208222913,73105.85000000,0.00007000,SELL,true,
1775950586208,6208222914,73105.85000000,0.00007000,SELL,true,
1775950586208,6208222915,73105.85000000,0.00014000,SELL,true,
1775950586208,6208222916,73105.85000000,0.00069000,SELL,true,
1775950586208,6208222917,73105.85000000,0.00047000,SELL,true,
1775950586208,6208222918,73105.85000000,0.01802000,SELL,true,LARGE
1775950586651,6208222919,73105.86000000,0.00061000,BUY,false,
1775950586974,6208222920,73105.85000000,0.00410000,SELL,true,
1775950588713,6208222921,73105.85000000,0.00682000,SELL,true,LARGE
1775950588757,6208222922,73105.86000000,0.00461000,BUY,false,
1775950589123,6208222923,73105.86000000,0.00014000,BUY,false,
1775950589348,6208222924,73105.86000000,0.01598000,BUY,false,LARGE
1775950589348,6208222925,73105.86000000,0.03155000,BUY,false,LARGE
1775950589348,6208222926,73105.86000000,0.01173000,BUY,false,LARGE
1775950589521,6208222927,73105.85000000,0.05926000,SELL,true,LARGE
1775950590576,6208222928,73105.86000000,0.00010000,BUY,false,
1775950591470,6208222929,73105.86000000,0.00786000,BUY,false,
1775950591501,6208222930,73105.85000000,0.00038000,SELL,true,
1775950593664,6208222931,73105.85000000,0.00461000,SELL,true,
1775950594211,6208222932,73105.86000000,0.00402000,BUY,false,
1775950594421,6208222933,73105.86000000,0.00016000,BUY,false,
1775950595095,6208222934,73105.86000000,0.00042000,BUY,false,
1775950596096,6208222935,73105.86000000,0.00031000,BUY,false,
1775950596293,6208222936,73105.85000000,0.00140000,SELL,true,
1775950597875,6208222937,73105.85000000,0.00300000,SELL,true,
1775950598545,6208222938,73105.86000000,0.00173000,BUY,false,
1775950599090,6208222939,73105.85000000,0.00484000,SELL,true,
1775950599139,6208222940,73105.86000000,0.00021000,BUY,false,
1775950599430,6208222941,73105.86000000,0.00139000,BUY,false,
1775950599947,6208222942,73105.86000000,0.00014000,BUY,false,
1775950599947,6208222943,73105.86000000,0.00007000,BUY,false,
1775950599947,6208222944,73105.86000000,0.00007000,BUY,false,
1775950599947,6208222945,73105.86000000,0.00007000,BUY,false,
1775950599947,6208222946,73105.86000000,0.00014000,BUY,false,
1775950599947,6208222947,73105.86000000,0.00014000,BUY,false,
1775950599947,6208222948,73105.86000000,0.00070000,BUY,false,
1775950599947,6208222949,73105.86000000,0.00048000,BUY,false,
1775950599947,6208222950,73105.86000000,0.00320000,BUY,false,
1775950599948,6208222951,73105.86000000,0.00044000,BUY,false,
1775950599948,6208222952,73105.86000000,0.00014000,BUY,false,
1775950599948,6208222953,73105.86000000,0.00014000,BUY,false,
1775950599948,6208222954,73105.86000000,0.00014000,BUY,false,
1775950599948,6208222955,73105.86000000,0.00001000,BUY,false,
1775950599948,6208222956,73105.86000000,0.00013000,BUY,false,
1775950599948,6208222957,73105.86000000,0.00014000,BUY,false,
1775950599948,6208222958,73105.86000000,0.00072000,BUY,false,
1775950599948,6208222959,73105.86000000,0.00007000,BUY,false,
1775950599948,6208222960,73105.86000000,0.00008000,BUY,false,
1775950599948,6208222961,73105.86000000,0.00008000,BUY,false,
1775950599948,6208222962,73105.86000000,0.00008000,BUY,false,
1775950599948,6208222963,73105.86000000,0.00007000,BUY,false,
1775950599948,6208222964,73105.86000000,0.00026000,BUY,false,
1775950599948,6208222965,73105.86000000,0.00001000,BUY,false,
1775950599950,6208222966,73105.86000000,0.00232000,BUY,false,
1775950599950,6208222967,73105.86000000,0.00007000,BUY,false,
1775950599950,6208222968,73105.86000000,0.00007000,BUY,false,
1775950599950,6208222969,73105.86000000,0.00007000,BUY,false,
1775950599950,6208222970,73105.86000000,0.00007000,BUY,false,
1775950599950,6208222971,73105.86000000,0.00007000,BUY,false,
1775950599950,6208222972,73105.86000000,0.00007000,BUY,false,
1775950599950,6208222973,73105.86000000,0.00007000,BUY,false,
1775950599950,6208222974,73105.86000000,0.00007000,BUY,false,
1775950599950,6208222975,73105.86000000,0.00007000,BUY,false,
1775950599950,6208222976,73105.86000000,0.00007000,BUY,false,
1775950599950,6208222977,73105.86000000,0.00007000,BUY,false,
1775950599950,6208222978,73105.86000000,0.00007000,BUY,false,
1775950599950,6208222979,73105.86000000,0.00007000,BUY,false,
1775950599950,6208222980,73105.86000000,0.00007000,BUY,false,
1775950599950,6208222981,73105.86000000,0.00007000,BUY,false,
1775950599950,6208222982,73105.86000000,0.00007000,BUY,false,
1775950599950,6208222983,73105.86000000,0.00007000,BUY,false,
1775950599950,6208222984,73105.86000000,0.00007000,BUY,false,
1775950599950,6208222985,73105.86000000,0.00007000,BUY,false,
1775950599950,6208222986,73105.86000000,0.00007000,BUY,false,
1775950599950,6208222987,73105.86000000,0.00007000,BUY,false,
1775950599950,6208222988,73105.86000000,0.00007000,BUY,false,
1775950599950,6208222989,73105.86000000,0.00007000,BUY,false,
1775950599950,6208222990,73105.86000000,0.00007000,BUY,false,
1775950599950,6208222991,73105.86000000,0.00007000,BUY,false,
1775950599950,6208222992,73105.87000000,0.00008000,BUY,false,
1775950599950,6208222993,73105.87000000,0.00008000,BUY,false,
1775950599950,6208222994,73105.87000000,0.00008000,BUY,false,
1775950599950,6208222995,73106.00000000,0.00040000,BUY,false,
1775950599950,6208222996,73106.00000000,0.00030000,BUY,false,
1775950599950,6208222997,73106.00000000,0.00010000,BUY,false,
1775950599950,6208222998,73106.00000000,0.00040000,BUY,false,
1775950599950,6208222999,73106.88000000,0.00008000,BUY,false,
1775950599950,6208223000,73107.90000000,0.00007000,BUY,false,
1775950599950,6208223001,73108.00000000,0.00022000,BUY,false,
1775950599965,6208223002,73108.00000000,0.00018000,BUY,false,
1775950599965,6208223003,73108.00000000,0.00040000,BUY,false,
1775950599965,6208223004,73108.00000000,0.00040000,BUY,false,
1775950599965,6208223005,73108.00000000,0.00008000,BUY,false,
1775950599965,6208223006,73108.00000000,0.00008000,BUY,false,
1775950599965,6208223007,73108.00000000,0.00008000,BUY,false,
1775950599965,6208223008,73108.00000000,0.00008000,BUY,false,
1775950599965,6208223009,73108.00000000,0.00008000,BUY,false,
1775950599965,6208223010,73108.00000000,0.00007000,BUY,false,
1775950599965,6208223011,73108.00000000,0.00014000,BUY,false,
1775950599965,6208223012,73108.00000000,0.00008000,BUY,false,
1775950599965,6208223013,73108.00000000,0.00008000,BUY,false,
1775950599965,6208223014,73108.00000000,0.00007000,BUY,false,
1775950599965,6208223015,73108.01000000,0.00008000,BUY,false,
1775950599965,6208223016,73108.01000000,0.00008000,BUY,false,
1775950599965,6208223017,73108.01000000,0.00008000,BUY,false,
1775950599965,6208223018,73108.01000000,0.00008000,BUY,false,
1775950599965,6208223019,73108.01000000,0.00008000,BUY,false,
1775950599965,6208223020,73108.01000000,0.00008000,BUY,false,
1775950599965,6208223021,73108.01000000,0.00008000,BUY,false,
1775950599965,6208223022,73108.01000000,0.00008000,BUY,false,
1775950599965,6208223023,73108.16000000,0.00007000,BUY,false,
1775950599965,6208223024,73108.45000000,0.00007000,BUY,false,
1775950599965,6208223025,73109.23000000,0.00011000,BUY,false,
1775950599965,6208223026,73109.64000000,0.00008000,BUY,false,
1775950599965,6208223027,73109.77000000,0.00007000,BUY,false,
1775950599965,6208223028,73109.77000000,0.00007000,BUY,false,
1775950599965,6208223029,73109.91000000,0.00007000,BUY,false,
1775950599965,6208223030,73109.91000000,0.00007000,BUY,false,
1775950599965,6208223031,73110.00000000,0.00040000,BUY,false,
1775950599965,6208223032,73110.00000000,0.00040000,BUY,false,
1775950599965,6208223033,73110.00000000,0.00040000,BUY,false,
1775950599965,6208223034,73110.16000000,0.00007000,BUY,false,
1775950599965,6208223035,73110.16000000,0.00007000,BUY,false,
1775950599965,6208223036,73110.17000000,0.00008000,BUY,false,
1775950599965,6208223037,73110.17000000,0.00008000,BUY,false,
1775950599965,6208223038,73110.17000000,0.00008000,BUY,false,
1775950599965,6208223039,73110.18000000,0.00334000,BUY,false,LARGE
1775950600244,6208223040,73110.17000000,0.00113000,SELL,true,LARGE
1775950600706,6208223041,73110.18000000,0.00014000,BUY,false,
1775950600706,6208223042,73110.18000000,0.00008000,BUY,false,
1775950600706,6208223043,73110.18000000,0.00008000,BUY,false,
1775950600706,6208223044,73110.18000000,0.00008000,BUY,false,
1775950600706,6208223045,73110.18000000,0.00167000,BUY,false,LARGE
1775950602176,6208223046,73110.18000000,0.00007000,BUY,false,
1775950602176,6208223047,73110.18000000,0.00008000,BUY,false,
1775950602176,6208223048,73110.18000000,0.00008000,BUY,false,
1775950602176,6208223049,73110.18000000,0.00008000,BUY,false,
1775950602176,6208223050,73110.18000000,0.00007000,BUY,false,
1775950602176,6208223051,73110.18000000,0.00008000,BUY,false,
1775950602176,6208223052,73110.18000000,0.00008000,BUY,false,
1775950602176,6208223053,73110.18000000,0.00008000,BUY,false,
1775950602176,6208223054,73110.18000000,0.00005000,BUY,false,
1775950602991,6208223055,73110.18000000,0.00003000,BUY,false,
1775950602991,6208223056,73110.18000000,0.00008000,BUY,false,
1775950602991,6208223057,73110.18000000,0.00008000,BUY,false,
1775950602991,6208223058,73110.18000000,0.00008000,BUY,false,
1775950602991,6208223059,73110.18000000,0.00007000,BUY,false,
1775950602991,6208223060,73110.18000000,0.00007000,BUY,false,
1775950602991,6208223061,73110.18000000,0.00008000,BUY,false,
1775950602991,6208223062,73110.18000000,0.00008000,BUY,false,
1775950602991,6208223063,73110.18000000,0.00008000,BUY,false,
1775950602991,6208223064,73110.18000000,0.00008000,BUY,false,
1775950602991,6208223065,73110.18000000,0.00008000,BUY,false,
1775950602991,6208223066,73110.19000000,0.00008000,BUY,false,
1775950602991,6208223067,73110.19000000,0.00008000,BUY,false,
1775950602991,6208223068,73110.19000000,0.00008000,BUY,false,
1775950602991,6208223069,73110.19000000,0.00008000,BUY,false,
1775950602991,6208223070,73110.19000000,0.00008000,BUY,false,
1775950602991,6208223071,73110.19000000,0.00008000,BUY,false,
1775950602991,6208223072,73110.19000000,0.00008000,BUY,false,
1775950602991,6208223073,73110.45000000,0.00007000,BUY,false,
1775950602991,6208223074,73110.45000000,0.00007000,BUY,false,
1775950602991,6208223075,73110.58000000,0.00024000,BUY,false,
1775950603085,6208223076,73110.58000000,0.00059000,BUY,false,LARGE
1775950603085,6208223077,73110.58000000,0.00007000,BUY,false,
1775950603085,6208223078,73110.58000000,0.00007000,BUY,false,
1775950603085,6208223079,73110.58000000,0.00008000,BUY,false,
1775950603085,6208223080,73110.58000000,0.00008000,BUY,false,
1775950603085,6208223081,73110.58000000,0.00008000,BUY,false,
1775950603085,6208223082,73110.58000000,0.00008000,BUY,false,
1775950603085,6208223083,73110.58000000,0.00008000,BUY,false,
1775950603085,6208223084,73110.58000000,0.00008000,BUY,false,
1775950603085,6208223085,73110.58000000,0.00007000,BUY,false,
1775950603085,6208223086,73110.58000000,0.00007000,BUY,false,
1775950603085,6208223087,73110.58000000,0.00007000,BUY,false,
1775950603085,6208223088,73110.58000000,0.00007000,BUY,false,
1775950603085,6208223089,73110.59000000,0.00008000,BUY,false,
1775950603085,6208223090,73110.59000000,0.00008000,BUY,false,
1775950603085,6208223091,73110.59000000,0.00008000,BUY,false,
1775950603085,6208223092,73110.59000000,0.00008000,BUY,false,
1775950603085,6208223093,73110.59000000,0.00008000,BUY,false,
1775950603085,6208223094,73110.59000000,0.00008000,BUY,false,
1775950603085,6208223095,73110.59000000,0.00008000,BUY,false,
1775950603085,6208223096,73110.66000000,0.00007000,BUY,false,
1775950603085,6208223097,73111.11000000,0.00007000,BUY,false,
1775950603085,6208223098,73111.66000000,0.00007000,BUY,false,
1775950603085,6208223099,73111.72000000,0.00007000,BUY,false,
1775950603085,6208223100,73112.00000000,0.00040000,BUY,false,
1775950603085,6208223101,73112.00000000,0.00040000,BUY,false,
1775950603085,6208223102,73112.00000000,0.00040000,BUY,false,
1775950603085,6208223103,73112.12000000,0.00007000,BUY,false,
1775950603085,6208223104,73112.40000000,0.00008000,BUY,false,
1775950603085,6208223105,73112.92000000,0.00007000,BUY,false,
1775950603085,6208223106,73112.92000000,0.00007000,BUY,false,
1775950603085,6208223107,73112.96000000,0.00083000,BUY,false,LARGE
1775950603090,6208223108,73112.95000000,0.00024000,SELL,true,
1775950604031,6208223109,73112.95000000,0.00012000,SELL,true,
1775950605376,6208223110,73112.96000000,0.00012000,BUY,false,
1775950607463,6208223111,73112.95000000,0.00020000,SELL,true,
1775950609371,6208223112,73112.96000000,0.00008000,BUY,false,
1775950609371,6208223113,73112.96000000,0.00007000,BUY,false,
1775950609371,6208223114,73112.96000000,0.00008000,BUY,false,
1775950609371,6208223115,73112.96000000,0.00008000,BUY,false,
1775950609371,6208223116,73112.96000000,0.00007000,BUY,false,
1775950609371,6208223117,73112.96000000,0.00007000,BUY,false,
1775950609371,6208223118,73112.96000000,0.00160000,BUY,false,LARGE
1775950609744,6208223119,73112.96000000,0.01081000,BUY,false,LARGE
1775950613756,6208223120,73112.96000000,0.00014000,BUY,false,
1775950614116,6208223121,73112.95000000,0.00410000,SELL,true,LARGE
1775950614351,6208223122,73112.96000000,0.00136000,BUY,false,LARGE
